as_of_year,respondent_id,agency_name,agency_abbr,agency_code,loan_type_name,loan_type,property_type_name,property_type,loan_purpose_name,loan_purpose,owner_occupancy_name,owner_occupancy,loan_amount_000s,preapproval_name,preapproval,action_taken_name,action_taken,msamd_name,msamd,state_name,state_abbr,state_code,county_name,county_code,census_tract_number,applicant_ethnicity_name,applicant_ethnicity,co_applicant_ethnicity_name,co_applicant_ethnicity,applicant_race_name_1,applicant_race_1,applicant_race_name_2,applicant_race_2,applicant_race_name_3,applicant_race_3,applicant_race_name_4,applicant_race_4,applicant_race_name_5,applicant_race_5,co_applicant_race_name_1,co_applicant_race_1,co_applicant_race_name_2,co_applicant_race_2,co_applicant_race_name_3,co_applicant_race_3,co_applicant_race_name_4,co_applicant_race_4,co_applicant_race_name_5,co_applicant_race_5,applicant_sex_name,applicant_sex,co_applicant_sex_name,co_applicant_sex,applicant_income_000s,purchaser_type_name,purchaser_type,denial_reason_name_1,denial_reason_1,denial_reason_name_2,denial_reason_2,denial_reason_name_3,denial_reason_3,rate_spread,hoepa_status_name,hoepa_status,lien_status_name,lien_status,edit_status_name,edit_status,sequence_number,population,minority_population,hud_median_family_income,tract_to_msamd_income,number_of_owner_occupied_units,number_of_1_to_4_family_units,application_date_indicator
"2017","62-1532940","Department of Housing and Urban Development","HUD","7","Conventional","1","One-to-four family dwelling (other than manufactured housing)","1","Home purchase","1","Owner-occupied as a principal dwelling","1","272","Not applicable","3","Loan purchased by the institution","6","Camden - NJ","15804","New Jersey","NJ","34","Camden County","7","6035.06","Not applicable","4","Not applicable","4","Not applicable","7","","","","","","","","","Not applicable","7","","","","","","","","","Not applicable","4","Not applicable","4","","Fannie Mae (FNMA)","1","","","","","","","","Not a HOEPA loan","2","Not applicable","4","","","","6278","27.829999923706055","91500","144.7100067138672","1975","2018",""
"2017","80-0743699","Department of Housing and Urban Development","HUD","7","FHA-insured","2","One-to-four family dwelling (other than manufactured housing)","1","Home purchase","1","Owner-occupied as a principal dwelling","1","151","Preapproval was not requested","2","Application withdrawn by applicant","4","","","New Jersey","NJ","34","","","","Information not provided by applicant in mail, Internet, or telephone application","3","Information not provided by applicant in mail, Internet, or telephone application","3","Information not provided by applicant in mail, Internet, or telephone application","6","","","","","","","","","Information not provided by applicant in mail, Internet, or telephone application","6","","","","","","","","","Information not provided by applicant in mail, Internet, or telephone application","3","Information not provided by applicant in mail, Internet, or telephone application","3","70","Loan was not originated or was not sold in calendar year covered by register","0","","","","","","","","Not a HOEPA loan","2","Secured by a first lien","1","","","","","","","","","",""
"2017","0000177957","Federal Reserve System","FRS","2","Conventional","1","One-to-four family dwelling (other than manufactured housing)","1","Refinancing","3","Owner-occupied as a principal dwelling","1","192","Not applicable","3","Application withdrawn by applicant","4","Ocean City - NJ","36140","New Jersey","NJ","34","Cape May County","9","0218.04","Not Hispanic or Latino","2","Not Hispanic or Latino","2","White","5","","","","","","","","","White","5","","","","","","","","","Female","2","Female","2","47","Loan was not originated or was not sold in calendar year covered by register","0","","","","","","","","Not a HOEPA loan","2","Secured by a first lien","1","","","","5734","15.15999984741211","73400","68.94000244140625","1728","3303",""
"2017","23-2470039","Department of Housing and Urban Development","HUD","7","Conventional","1","One-to-four family dwelling (other than manufactured housing)","1","Refinancing","3","Owner-occupied as a principal dwelling","1","526","Not applicable","3","Loan originated","1","New York, Jersey City, White Plains - NY, NJ","35614","New Jersey","NJ","34","Monmouth County","25","8125.01","Not Hispanic or Latino","2","Not Hispanic or Latino","2","White","5","","","","","","","","","White","5","","","","","","","","","Female","2","Male","1","411","Fannie Mae (FNMA)","1","","","","","","","","Not a HOEPA loan","2","Secured by a first lien","1","","","","5803","14.149999618530273","73700","179.67999267578125","1926","2154",""
"2017","80-0743699","Department of Housing and Urban Development","HUD","7","Conventional","1","One-to-four family dwelling (other than manufactured housing)","1","Home purchase","1","Owner-occupied as a principal dwelling","1","261","Preapproval was not requested","2","File closed for incompleteness","5","","","New Jersey","NJ","34","","","","Information not provided by applicant in mail, Internet, or telephone application","3","Information not provided by applicant in mail, Internet, or telephone application","3","Information not provided by applicant in mail, Internet, or telephone application","6","","","","","","","","","Information not provided by applicant in mail, Internet, or telephone application","6","","","","","","","","","Information not provided by applicant in mail, Internet, or telephone application","3","Information not provided by applicant in mail, Internet, or telephone application","3","","Loan was not originated or was not sold in calendar year covered by register","0","","","","","","","","Not a HOEPA loan","2","Secured by a first lien","1","","","","","","","","","",""
"2017","0004114567","Consumer Financial Protection Bureau","CFPB","9","Conventional","1","One-to-four family dwelling (other than manufactured housing)","1","Home purchase","1","Owner-occupied as a principal dwelling","1","705","Not applicable","3","Loan originated","1","New York, Jersey City, White Plains - NY, NJ","35614","New Jersey","NJ","34","Bergen County","3","0222.00","Information not provided by applicant in mail, Internet, or telephone application","3","Information not provided by applicant in mail, Internet, or telephone application","3","Information not provided by applicant in mail, Internet, or telephone application","6","","","","","","","","","Information not provided by applicant in mail, Internet, or telephone application","6","","","","","","","","","Information not provided by applicant in mail, Internet, or telephone application","3","Information not provided by applicant in mail, Internet, or telephone application","3","357","Loan was not originated or was not sold in calendar year covered by register","0","","","","","","","","Not a HOEPA loan","2","Secured by a first lien","1","","","","7762","19.0","73700","238.4499969482422","2416","2582",""
"2017","0000595270","Consumer Financial Protection Bureau","CFPB","9","FHA-insured","2","One-to-four family dwelling (other than manufactured housing)","1","Home purchase","1","Owner-occupied as a principal dwelling","1","169","Not applicable","3","Loan purchased by the institution","6","Camden - NJ","15804","New Jersey","NJ","34","Camden County","7","6029.01","Not applicable","4","Not applicable","4","Not applicable","7","","","","","","","","","Not applicable","7","","","","","","","","","Not applicable","4","Not applicable","4","","Ginnie Mae (GNMA)","2","","","","","","","","Not a HOEPA loan","2","Not applicable","4","","","","4662","38.54999923706055","91500","100.63999938964844","1664","1824",""
"2017","80-0743699","Department of Housing and Urban Development","HUD","7","Conventional","1","One-to-four family dwelling (other than manufactured housing)","1","Home purchase","1","Owner-occupied as a principal dwelling","1","193","Preapproval was not requested","2","File closed for incompleteness","5","","","New Jersey","NJ","34","","","","Information not provided by applicant in mail, Internet, or telephone application","3","No co-applicant","5","Information not provided by applicant in mail, Internet, or telephone application","6","","","","","","","","","No co-applicant","8","","","","","","","","","Information not provided by applicant in mail, Internet, or telephone application","3","No co-applicant","5","","Loan was not originated or was not sold in calendar year covered by register","0","","","","","","","","Not a HOEPA loan","2","Secured by a first lien","1","","","","","","","","","",""
"2017","01-0681100","Department of Housing and Urban Development","HUD","7","FHA-insured","2","One-to-four family dwelling (other than manufactured housing)","1","Refinancing","3","Owner-occupied as a principal dwelling","1","255","Not applicable","3","Loan purchased by the institution","6","Camden - NJ","15804","New Jersey","NJ","34","Camden County","7","6035.06","Not applicable","4","Not applicable","4","Not applicable","7","","","","","","","","","Not applicable","7","","","","","","","","","Not applicable","4","Not applicable","4","","Ginnie Mae (GNMA)","2","","","","","","","","Not a HOEPA loan","2","Not applicable","4","","","","6278","27.829999923706055","91500","144.7100067138672","1975","2018",""
"2017","0000497404","Consumer Financial Protection Bureau","CFPB","9","Conventional","1","One-to-four family dwelling (other than manufactured housing)","1","Refinancing","3","Owner-occupied as a principal dwelling","1","70","Not applicable","3","Application denied by financial institution","3","New York, Jersey City, White Plains - NY, NJ","35614","New Jersey","NJ","34","Ocean County","29","7312.01","Not Hispanic or Latino","2","Not Hispanic or Latino","2","White","5","","","","","","","","","White","5","","","","","","","","","Male","1","Female","2","50","Loan was not originated or was not sold in calendar year covered by register","0","Debt-to-income ratio","1","Credit history","3","","","","Not a HOEPA loan","2","Secured by a first lien","1","","","","4253","11.399999618530273","73700","62.13999938964844","2442","3092",""
"2017","80-0743699","Department of Housing and Urban Development","HUD","7","FHA-insured","2","One-to-four family dwelling (other than manufactured housing)","1","Home purchase","1","Owner-occupied as a principal dwelling","1","145","Preapproval was not requested","2","File closed for incompleteness","5","","","New Jersey","NJ","34","","","","Information not provided by applicant in mail, Internet, or telephone application","3","Information not provided by applicant in mail, Internet, or telephone application","3","Information not provided by applicant in mail, Internet, or telephone application","6","","","","","","","","","Information not provided by applicant in mail, Internet, or telephone application","6","","","","","","","","","Information not provided by applicant in mail, Internet, or telephone application","3","Information not provided by applicant in mail, Internet, or telephone application","3","50","Loan was not originated or was not sold in calendar year covered by register","0","","","","","","","","Not a HOEPA loan","2","Secured by a first lien","1","","","","","","","","","",""
"2017","0000026647","Federal Deposit Insurance Corporation","FDIC","3","Conventional","1","One-to-four family dwelling (other than manufactured housing)","1","Home purchase","1","Owner-occupied as a principal dwelling","1","239","Not applicable","3","Loan originated","1","Ocean City - NJ","36140","New Jersey","NJ","34","Cape May County","9","0221.02","Information not provided by applicant in mail, Internet, or telephone application","3","Information not provided by applicant in mail, Internet, or telephone application","3","Information not provided by applicant in mail, Internet, or telephone application","6","","","","","","","","","Information not provided by applicant in mail, Internet, or telephone application","6","","","","","","","","","Information not provided by applicant in mail, Internet, or telephone application","3","Information not provided by applicant in mail, Internet, or telephone application","3","78","Fannie Mae (FNMA)","1","","","","","","","","Not a HOEPA loan","2","Secured by a first lien","1","","","","5557","36.79999923706055","73400","80.27999877929688","1768","3126",""
"2017","0000451965","Consumer Financial Protection Bureau","CFPB","9","Conventional","1","One-to-four family dwelling (other than manufactured housing)","1","Home improvement","2","Owner-occupied as a principal dwelling","1","8","Not applicable","3","File closed for incompleteness","5","Camden - NJ","15804","New Jersey","NJ","34","Burlington County","5","7040.04","Not Hispanic or Latino","2","No co-applicant","5","White","5","","","","","","","","","No co-applicant","8","","","","","","","","","Male","1","No co-applicant","5","90","Loan was not originated or was not sold in calendar year covered by register","0","","","","","","","","Not a HOEPA loan","2","Not secured by a lien","3","","","","3784","20.239999771118164","91500","98.87999725341797","891","1046",""
"2017","80-0743699","Department of Housing and Urban Development","HUD","7","FHA-insured","2","One-to-four family dwelling (other than manufactured housing)","1","Home purchase","1","Owner-occupied as a principal dwelling","1","100","Preapproval was not requested","2","File closed for incompleteness","5","","","New Jersey","NJ","34","","","","Information not provided by applicant in mail, Internet, or telephone application","3","Information not provided by applicant in mail, Internet, or telephone application","3","Information not provided by applicant in mail, Internet, or telephone application","6","","","","","","","","","Information not provided by applicant in mail, Internet, or telephone application","6","","","","","","","","","Information not provided by applicant in mail, Internet, or telephone application","3","Information not provided by applicant in mail, Internet, or telephone application","3","","Loan was not originated or was not sold in calendar year covered by register","0","","","","","","","","Not a HOEPA loan","2","Secured by a first lien","1","","","","","","","","","",""
"2017","0000451965","Consumer Financial Protection Bureau","CFPB","9","Conventional","1","One-to-four family dwelling (other than manufactured housing)","1","Home improvement","2","Owner-occupied as a principal dwelling","1","80","Not applicable","3","Application withdrawn by applicant","4","Newark - NJ, PA","35084","New Jersey","NJ","34","Somerset County","35","0513.00","Not Hispanic or Latino","2","No co-applicant","5","White","5","","","","","","","","","No co-applicant","8","","","","","","","","","Male","1","No co-applicant","5","71","Loan was not originated or was not sold in calendar year covered by register","0","","","","","","","","Not a HOEPA loan","2","Secured by a first lien","1","","","","2420","26.15999984741211","99800","98.5199966430664","744","941",""
"2017","0000817824","Consumer Financial Protection Bureau","CFPB","9","Conventional","1","One-to-four family dwelling (other than manufactured housing)","1","Refinancing","3","Owner-occupied as a principal dwelling","1","75","Not applicable","3","Loan originated","1","Camden - NJ","15804","New Jersey","NJ","34","Camden County","7","6051.00","Not Hispanic or Latino","2","No co-applicant","5","American Indian or Alaska Native","1","","","","","","","","","No co-applicant","8","","","","","","","","","Male","1","No co-applicant","5","51","Loan was not originated or was not sold in calendar year covered by register","0","","","","","","","","Not a HOEPA loan","2","Secured by a first lien","1","","","","2329","3.609999895095825","91500","79.08000183105469","743","932",""
"2017","54-1094297","Department of Housing and Urban Development","HUD","7","Conventional","1","One-to-four family dwelling (other than manufactured housing)","1","Refinancing","3","Owner-occupied as a principal dwelling","1","277","Not applicable","3","Loan originated","1","","","New Jersey","NJ","34","","","","Information not provided by applicant in mail, Internet, or telephone application","3","No co-applicant","5","Information not provided by applicant in mail, Internet, or telephone application","6","","","","","","","","","No co-applicant","8","","","","","","","","","Information not provided by applicant in mail, Internet, or telephone application","3","No co-applicant","5","126","Commercial bank, savings bank or savings association","6","","","","","","","","Not a HOEPA loan","2","Secured by a first lien","1","","","","","","","","","",""
"2017","46-2738255","Department of Housing and Urban Development","HUD","7","FHA-insured","2","One-to-four family dwelling (other than manufactured housing)","1","Home purchase","1","Owner-occupied as a principal dwelling","1","150","Preapproval was not requested","2","Loan originated","1","Newark - NJ, PA","35084","New Jersey","NJ","34","Essex County","13","0049.00","Not Hispanic or Latino","2","No co-applicant","5","Black or African American","3","","","","","","","","","No co-applicant","8","","","","","","","","","Male","1","No co-applicant","5","57","Loan was not originated or was not sold in calendar year covered by register","0","","","","","","","01.90","Not a HOEPA loan","2","Secured by a first lien","1","","","","3568","99.0199966430664","99800","47.279998779296875","427","1109",""
"2017","0000451965","Consumer Financial Protection Bureau","CFPB","9","FSA/RHS-guaranteed","4","One-to-four family dwelling (other than manufactured housing)","1","Home purchase","1","Owner-occupied as a principal dwelling","1","176","Not applicable","3","Loan purchased by the institution","6","Camden - NJ","15804","New Jersey","NJ","34","Burlington County","5","7027.00","Not applicable","4","Not applicable","4","Not applicable","7","","","","","","","","","Not applicable","7","","","","","","","","","Not applicable","4","Not applicable","4","","Loan was not originated or was not sold in calendar year covered by register","0","","","","","","","","Not a HOEPA loan","2","Not applicable","4","","","","8780","45.56999969482422","91500","128.64999389648438","2731","3153",""
"2017","80-0743699","Department of Housing and Urban Development","HUD","7","Conventional","1","One-to-four family dwelling (other than manufactured housing)","1","Home purchase","1","Owner-occupied as a principal dwelling","1","220","Preapproval was not requested","2","File closed for incompleteness","5","","","New Jersey","NJ","34","","","","Information not provided by applicant in mail, Internet, or telephone application","3","Information not provided by applicant in mail, Internet, or telephone application","3","Information not provided by applicant in mail, Internet, or telephone application","6","","","","","","","","","Information not provided by applicant in mail, Internet, or telephone application","6","","","","","","","","","Information not provided by applicant in mail, Internet, or telephone application","3","Information not provided by applicant in mail, Internet, or telephone application","3","","Loan was not originated or was not sold in calendar year covered by register","0","","","","","","","","Not a HOEPA loan","2","Secured by a first lien","1","","","","","","","","","",""
"2017","0000852218","Consumer Financial Protection Bureau","CFPB","9","Conventional","1","One-to-four family dwelling (other than manufactured housing)","1","Home purchase","1","Not owner-occupied as a principal dwelling","2","998","Not applicable","3","Loan purchased by the institution","6","New York, Jersey City, White Plains - NY, NJ","35614","New Jersey","NJ","34","Ocean County","29","7380.02","Not Hispanic or Latino","2","Not Hispanic or Latino","2","White","5","","","","","","","","","White","5","","","","","","","","","Male","1","Female","2","482","Loan was not originated or was not sold in calendar year covered by register","0","","","","","","","","Not a HOEPA loan","2","Not applicable","4","","","","1225","2.0399999618530273","73700","166.25999450683594","560","3368",""
"2017","46-3435079","Department of Housing and Urban Development","HUD","7","VA-guaranteed","3","One-to-four family dwelling (other than manufactured housing)","1","Home purchase","1","Owner-occupied as a principal dwelling","1","205","Not applicable","3","Application denied by financial institution","3","Newark - NJ, PA","35084","New Jersey","NJ","34","Essex County","13","0122.00","Not Hispanic or Latino","2","No co-applicant","5","Black or African American","3","","","","","","","","","No co-applicant","8","","","","","","","","","Male","1","No co-applicant","5","37","Loan was not originated or was not sold in calendar year covered by register","0","Insufficient cash (downpayment, closing costs)","5","","","","","","Not a HOEPA loan","2","Secured by a first lien","1","","","","5343","97.62000274658203","99800","40.02000045776367","719","1720",""
"2017","80-0743699","Department of Housing and Urban Development","HUD","7","FHA-insured","2","One-to-four family dwelling (other than manufactured housing)","1","Home purchase","1","Owner-occupied as a principal dwelling","1","254","Preapproval was not requested","2","File closed for incompleteness","5","","","New Jersey","NJ","34","","","","Information not provided by applicant in mail, Internet, or telephone application","3","Information not provided by applicant in mail, Internet, or telephone application","3","Information not provided by applicant in mail, Internet, or telephone application","6","","","","","","","","","Information not provided by applicant in mail, Internet, or telephone application","6","","","","","","","","","Male","1","Female","2","67","Loan was not originated or was not sold in calendar year covered by register","0","","","","","","","","Not a HOEPA loan","2","Secured by a first lien","1","","","","","","","","","",""
"2017","0000451965","Consumer Financial Protection Bureau","CFPB","9","Conventional","1","One-to-four family dwelling (other than manufactured housing)","1","Refinancing","3","Owner-occupied as a principal dwelling","1","104","Not applicable","3","Loan originated","1","Newark - NJ, PA","35084","New Jersey","NJ","34","Essex County","13","0157.00","Information not provided by applicant in mail, Internet, or telephone application","3","No co-applicant","5","Information not provided by applicant in mail, Internet, or telephone application","6","","","","","","","","","No co-applicant","8","","","","","","","","","Information not provided by applicant in mail, Internet, or telephone application","3","No co-applicant","5","60","Fannie Mae (FNMA)","1","","","","","","","","Not a HOEPA loan","2","Secured by a first lien","1","","","","2142","85.76000213623047","99800","70.1500015258789","226","559",""
"2017","47-0873092","Department of Housing and Urban Development","HUD","7","VA-guaranteed","3","One-to-four family dwelling (other than manufactured housing)","1","Home purchase","1","Owner-occupied as a principal dwelling","1","183","Not applicable","3","Application withdrawn by applicant","4","Camden - NJ","15804","New Jersey","NJ","34","Burlington County","5","7010.01","Not Hispanic or Latino","2","Not Hispanic or Latino","2","White","5","","","","","","","","","White","5","","","","","","","","","Male","1","Female","2","57","Loan was not originated or was not sold in calendar year covered by register","0","","","","","","","","Not a HOEPA loan","2","Secured by a first lien","1","","","","4929","44.7599983215332","91500","70.0999984741211","1092","1360",""
"2017","80-0743699","Department of Housing and Urban Development","HUD","7","Conventional","1","One-to-four family dwelling (other than manufactured housing)","1","Home purchase","1","Owner-occupied as a principal dwelling","1","320","Preapproval was not requested","2","File closed for incompleteness","5","","","New Jersey","NJ","34","","","","Information not provided by applicant in mail, Internet, or telephone application","3","Information not provided by applicant in mail, Internet, or telephone application","3","Information not provided by applicant in mail, Internet, or telephone application","6","","","","","","","","","Information not provided by applicant in mail, Internet, or telephone application","6","","","","","","","","","Information not provided by applicant in mail, Internet, or telephone application","3","Information not provided by applicant in mail, Internet, or telephone application","3","117","Loan was not originated or was not sold in calendar year covered by register","0","","","","","","","","Not a HOEPA loan","2","Secured by a first lien","1","","","","","","","","","",""
"2017","0000656733","Consumer Financial Protection Bureau","CFPB","9","Conventional","1","One-to-four family dwelling (other than manufactured housing)","1","Refinancing","3","Owner-occupied as a principal dwelling","1","208","Not applicable","3","Loan originated","1","New York, Jersey City, White Plains - NY, NJ","35614","New Jersey","NJ","34","Bergen County","3","0511.00","Not Hispanic or Latino","2","No co-applicant","5","White","5","","","","","","","","","No co-applicant","8","","","","","","","","","Female","2","No co-applicant","5","95","Freddie Mac (FHLMC)","3","","","","","","","","Not a HOEPA loan","2","Secured by a first lien","1","","","","6292","37.439998626708984","73700","125.6500015258789","1366","1927",""
"2017","0000852218","Consumer Financial Protection Bureau","CFPB","9","VA-guaranteed","3","One-to-four family dwelling (other than manufactured housing)","1","Home purchase","1","Owner-occupied as a principal dwelling","1","175","Not applicable","3","Loan originated","1","Ocean City - NJ","36140","New Jersey","NJ","34","Cape May County","9","0218.06","Not Hispanic or Latino","2","No co-applicant","5","White","5","","","","","","","","","No co-applicant","8","","","","","","","","","Male","1","No co-applicant","5","37","Ginnie Mae (GNMA)","2","","","","","","","","Not a HOEPA loan","2","Secured by a first lien","1","","","","2896","3.309999942779541","73400","85.0999984741211","995","1951",""
"2017","46-3435079","Department of Housing and Urban Development","HUD","7","VA-guaranteed","3","One-to-four family dwelling (other than manufactured housing)","1","Refinancing","3","Owner-occupied as a principal dwelling","1","231","Not applicable","3","File closed for incompleteness","5","","","New Jersey","NJ","34","","","","Information not provided by applicant in mail, Internet, or telephone application","3","Information not provided by applicant in mail, Internet, or telephone application","3","Information not provided by applicant in mail, Internet, or telephone application","6","","","","","","","","","Information not provided by applicant in mail, Internet, or telephone application","6","","","","","","","","","Information not provided by applicant in mail, Internet, or telephone application","3","Information not provided by applicant in mail, Internet, or telephone application","3","","Loan was not originated or was not sold in calendar year covered by register","0","","","","","","","","Not a HOEPA loan","2","Secured by a first lien","1","","","","","","","","","",""
"2017","0000030464","Federal Deposit Insurance Corporation","FDIC","3","FHA-insured","2","One-to-four family dwelling (other than manufactured housing)","1","Home purchase","1","Owner-occupied as a principal dwelling","1","236","Not applicable","3","Loan originated","1","Camden - NJ","15804","New Jersey","NJ","34","Gloucester County","15","5012.02","Information not provided by applicant in mail, Internet, or telephone application","3","No co-applicant","5","Information not provided by applicant in mail, Internet, or telephone application","6","","","","","","","","","No co-applicant","8","","","","","","","","","Information not provided by applicant in mail, Internet, or telephone application","3","No co-applicant","5","66","Life insurance company, credit union, mortgage bank, or finance company","7","","","","","","","","Not a HOEPA loan","2","Secured by a first lien","1","","","","4847","9.039999961853027","91500","130.27000427246094","1451","1506",""
"2017","13-3222578","Consumer Financial Protection Bureau","CFPB","9","Conventional","1","One-to-four family dwelling (other than manufactured housing)","1","Refinancing","3","Owner-occupied as a principal dwelling","1","168","Not applicable","3","Loan purchased by the institution","6","Camden - NJ","15804","New Jersey","NJ","34","Burlington County","5","7001.04","Not applicable","4","Not applicable","4","Not applicable","7","","","","","","","","","Not applicable","7","","","","","","","","","Not applicable","4","Not applicable","4","53","Loan was not originated or was not sold in calendar year covered by register","0","","","","","","","","Not a HOEPA loan","2","Not applicable","4","","","","1925","50.959999084472656","91500","66.18000030517578","446","752",""
"2017","80-0743699","Department of Housing and Urban Development","HUD","7","FHA-insured","2","One-to-four family dwelling (other than manufactured housing)","1","Home purchase","1","Owner-occupied as a principal dwelling","1","539","Preapproval was not requested","2","File closed for incompleteness","5","","","New Jersey","NJ","34","","","","Information not provided by applicant in mail, Internet, or telephone application","3","Information not provided by applicant in mail, Internet, or telephone application","3","Information not provided by applicant in mail, Internet, or telephone application","6","","","","","","","","","Information not provided by applicant in mail, Internet, or telephone application","6","","","","","","","","","Information not provided by applicant in mail, Internet, or telephone application","3","Information not provided by applicant in mail, Internet, or telephone application","3","162","Loan was not originated or was not sold in calendar year covered by register","0","","","","","","","","Not a HOEPA loan","2","Secured by a first lien","1","","","","","","","","","",""
"2017","46-4200240","Department of Housing and Urban Development","HUD","7","Conventional","1","One-to-four family dwelling (other than manufactured housing)","1","Home purchase","1","Owner-occupied as a principal dwelling","1","319","Not applicable","3","Loan originated","1","New York, Jersey City, White Plains - NY, NJ","35614","New Jersey","NJ","34","Middlesex County","23","0023.02","Hispanic or Latino","1","Hispanic or Latino","1","White","5","","","","","","","","","White","5","","","","","","","","","Male","1","Female","2","95","Affiliate institution","8","","","","","","","04.14","Not a HOEPA loan","2","Secured by a first lien","1","","","","3640","29.780000686645508","73700","148.64999389648438","1095","1170",""
"2017","22-3626426","Department of Housing and Urban Development","HUD","7","Conventional","1","One-to-four family dwelling (other than manufactured housing)","1","Refinancing","3","Owner-occupied as a principal dwelling","1","417","Not applicable","3","Application withdrawn by applicant","4","Trenton - NJ","45940","New Jersey","NJ","34","Mercer County","21","0043.06","Information not provided by applicant in mail, Internet, or telephone application","3","No co-applicant","5","Information not provided by applicant in mail, Internet, or telephone application","6","","","","","","","","","No co-applicant","8","","","","","","","","","Female","2","No co-applicant","5","132","Loan was not originated or was not sold in calendar year covered by register","0","","","","","","","","Not a HOEPA loan","2","Secured by a first lien","1","","","","5619","53.619998931884766","95400","195.97999572753906","1547","1622",""
"2017","59-1515932","Department of Housing and Urban Development","HUD","7","Conventional","1","Manufactured housing","2","Home purchase","1","Owner-occupied as a principal dwelling","1","23","Not applicable","3","Application withdrawn by applicant","4","","","New Jersey","NJ","34","","","","Information not provided by applicant in mail, Internet, or telephone application","3","No co-applicant","5","Information not provided by applicant in mail, Internet, or telephone application","6","","","","","","","","","No co-applicant","8","","","","","","","","","Information not provided by applicant in mail, Internet, or telephone application","3","No co-applicant","5","72","Loan was not originated or was not sold in calendar year covered by register","0","","","","","","","","Not a HOEPA loan","2","Secured by a first lien","1","","","","","","","","","",""
"2017","7197000003","Department of Housing and Urban Development","HUD","7","Conventional","1","One-to-four family dwelling (other than manufactured housing)","1","Refinancing","3","Owner-occupied as a principal dwelling","1","76","Not applicable","3","Loan originated","1","Camden - NJ","15804","New Jersey","NJ","34","Gloucester County","15","5015.00","Information not provided by applicant in mail, Internet, or telephone application","3","No co-applicant","5","Information not provided by applicant in mail, Internet, or telephone application","6","","","","","","","","","No co-applicant","8","","","","","","","","","Information not provided by applicant in mail, Internet, or telephone application","3","No co-applicant","5","28","Fannie Mae (FNMA)","1","","","","","","","","Not a HOEPA loan","2","Secured by a first lien","1","","","","8292","30.329999923706055","91500","83.69999694824219","2305","2940",""
"2017","0000451965","Consumer Financial Protection Bureau","CFPB","9","FHA-insured","2","One-to-four family dwelling (other than manufactured housing)","1","Home purchase","1","Owner-occupied as a principal dwelling","1","407","Not applicable","3","Loan purchased by the institution","6","New York, Jersey City, White Plains - NY, NJ","35614","New Jersey","NJ","34","Bergen County","3","0592.00","Not Hispanic or Latino","2","Not Hispanic or Latino","2","White","5","","","","","","","","","White","5","","","","","","","","","Male","1","Female","2","108","Ginnie Mae (GNMA)","2","","","","","","","","Not a HOEPA loan","2","Not applicable","4","","","","5907","24.15999984741211","73700","160.0399932861328","1714","2008",""
"2017","80-0743699","Department of Housing and Urban Development","HUD","7","FHA-insured","2","One-to-four family dwelling (other than manufactured housing)","1","Home purchase","1","Owner-occupied as a principal dwelling","1","200","Preapproval was not requested","2","File closed for incompleteness","5","","","New Jersey","NJ","34","","","","Information not provided by applicant in mail, Internet, or telephone application","3","Information not provided by applicant in mail, Internet, or telephone application","3","Information not provided by applicant in mail, Internet, or telephone application","6","","","","","","","","","Information not provided by applicant in mail, Internet, or telephone application","6","","","","","","","","","Information not provided by applicant in mail, Internet, or telephone application","3","Information not provided by applicant in mail, Internet, or telephone application","3","","Loan was not originated or was not sold in calendar year covered by register","0","","","","","","","","Not a HOEPA loan","2","Secured by a first lien","1","","","","","","","","","",""
"2017","54-2070914","Department of Housing and Urban Development","HUD","7","Conventional","1","One-to-four family dwelling (other than manufactured housing)","1","Refinancing","3","Owner-occupied as a principal dwelling","1","158","Not applicable","3","File closed for incompleteness","5","New York, Jersey City, White Plains - NY, NJ","35614","New Jersey","NJ","34","Monmouth County","25","8031.00","Not Hispanic or Latino","2","Not Hispanic or Latino","2","Asian","2","","","","","","","","","Asian","2","","","","","","","","","Male","1","Female","2","53","Loan was not originated or was not sold in calendar year covered by register","0","","","","","","","","Not a HOEPA loan","2","Secured by a first lien","1","","","","3624","28.149999618530273","73700","129.47999572753906","714","921",""
"2017","0000451965","Consumer Financial Protection Bureau","CFPB","9","FHA-insured","2","One-to-four family dwelling (other than manufactured housing)","1","Home purchase","1","Owner-occupied as a principal dwelling","1","185","Not applicable","3","Loan purchased by the institution","6","Camden - NJ","15804","New Jersey","NJ","34","Camden County","7","6032.00","Not Hispanic or Latino","2","No co-applicant","5","White","5","","","","","","","","","No co-applicant","8","","","","","","","","","Male","1","No co-applicant","5","68","Ginnie Mae (GNMA)","2","","","","","","","","Not a HOEPA loan","2","Not applicable","4","","","","6677","34.119998931884766","91500","108.47000122070312","1753","2256",""
"2017","80-0743699","Department of Housing and Urban Development","HUD","7","FHA-insured","2","One-to-four family dwelling (other than manufactured housing)","1","Home purchase","1","Owner-occupied as a principal dwelling","1","97","Preapproval was not requested","2","Application withdrawn by applicant","4","","","New Jersey","NJ","34","","","","Information not provided by applicant in mail, Internet, or telephone application","3","No co-applicant","5","Information not provided by applicant in mail, Internet, or telephone application","6","","","","","","","","","No co-applicant","8","","","","","","","","","Information not provided by applicant in mail, Internet, or telephone application","3","No co-applicant","5","38","Loan was not originated or was not sold in calendar year covered by register","0","","","","","","","","Not a HOEPA loan","2","Secured by a first lien","1","","","","","","","","","",""
"2017","0000451965","Consumer Financial Protection Bureau","CFPB","9","Conventional","1","One-to-four family dwelling (other than manufactured housing)","1","Home purchase","1","Owner-occupied as a principal dwelling","1","425","Not applicable","3","Loan originated","1","New York, Jersey City, White Plains - NY, NJ","35614","New Jersey","NJ","34","Hudson County","17","0076.00","Information not provided by applicant in mail, Internet, or telephone application","3","No co-applicant","5","Information not provided by applicant in mail, Internet, or telephone application","6","","","","","","","","","No co-applicant","8","","","","","","","","","Information not provided by applicant in mail, Internet, or telephone application","3","No co-applicant","5","213","Loan was not originated or was not sold in calendar year covered by register","0","","","","","","","","Not a HOEPA loan","2","Secured by a first lien","1","","","","6432","65.75","73700","254.9499969482422","795","86",""
"2017","7505400005","Department of Housing and Urban Development","HUD","7","Conventional","1","One-to-four family dwelling (other than manufactured housing)","1","Home purchase","1","Not owner-occupied as a principal dwelling","2","180","Not applicable","3","Loan originated","1","New York, Jersey City, White Plains - NY, NJ","35614","New Jersey","NJ","34","Bergen County","3","0522.00","Not Hispanic or Latino","2","Not Hispanic or Latino","2","White","5","","","","","","","","","White","5","","","","","","","","","Male","1","Female","2","113","Freddie Mac (FHLMC)","3","","","","","","","","Not a HOEPA loan","2","Secured by a first lien","1","","","","6050","25.520000457763672","73700","130.32000732421875","1369","2309",""
"2017","80-0743699","Department of Housing and Urban Development","HUD","7","FHA-insured","2","One-to-four family dwelling (other than manufactured housing)","1","Home purchase","1","Owner-occupied as a principal dwelling","1","200","Preapproval was not requested","2","File closed for incompleteness","5","","","New Jersey","NJ","34","","","","Information not provided by applicant in mail, Internet, or telephone application","3","No co-applicant","5","Information not provided by applicant in mail, Internet, or telephone application","6","","","","","","","","","No co-applicant","8","","","","","","","","","Information not provided by applicant in mail, Internet, or telephone application","3","No co-applicant","5","54","Loan was not originated or was not sold in calendar year covered by register","0","","","","","","","","Not a HOEPA loan","2","Secured by a first lien","1","","","","","","","","","",""
"2017","06-1728628","Department of Housing and Urban Development","HUD","7","Conventional","1","One-to-four family dwelling (other than manufactured housing)","1","Refinancing","3","Owner-occupied as a principal dwelling","1","443","Not applicable","3","Application denied by financial institution","3","Newark - NJ, PA","35084","New Jersey","NJ","34","Morris County","27","0445.01","Not Hispanic or Latino","2","No co-applicant","5","White","5","","","","","","","","","No co-applicant","8","","","","","","","","","Male","1","No co-applicant","5","160","Loan was not originated or was not sold in calendar year covered by register","0","","","","","","","","Not a HOEPA loan","2","Secured by a first lien","1","","","","6566","27.030000686645508","99800","99.16999816894531","2103","1873",""
"2017","7056000000","Department of Housing and Urban Development","HUD","7","FHA-insured","2","One-to-four family dwelling (other than manufactured housing)","1","Home purchase","1","Owner-occupied as a principal dwelling","1","419","Not applicable","3","Loan originated","1","New York, Jersey City, White Plains - NY, NJ","35614","New Jersey","NJ","34","Bergen County","3","0572.00","Hispanic or Latino","1","No co-applicant","5","White","5","","","","","","","","","No co-applicant","8","","","","","","","","","Male","1","No co-applicant","5","106","Life insurance company, credit union, mortgage bank, or finance company","7","","","","","","","","Not a HOEPA loan","2","Secured by a first lien","1","","","","3342","18.610000610351562","73700","84.12999725341797","558","1369",""
"2017","80-0743699","Department of Housing and Urban Development","HUD","7","Conventional","1","One-to-four family dwelling (other than manufactured housing)","1","Home purchase","1","Owner-occupied as a principal dwelling","1","80","Preapproval was not requested","2","File closed for incompleteness","5","","","New Jersey","NJ","34","","","","Information not provided by applicant in mail, Internet, or telephone application","3","No co-applicant","5","Information not provided by applicant in mail, Internet, or telephone application","6","","","","","","","","","No co-applicant","8","","","","","","","","","Information not provided by applicant in mail, Internet, or telephone application","3","No co-applicant","5","","Loan was not originated or was not sold in calendar year covered by register","0","","","","","","","","Not a HOEPA loan","2","Secured by a first lien","1","","","","","","","","","",""
"2017","7197000003","Department of Housing and Urban Development","HUD","7","Conventional","1","One-to-four family dwelling (other than manufactured housing)","1","Refinancing","3","Owner-occupied as a principal dwelling","1","390","Not applicable","3","Loan originated","1","New York, Jersey City, White Plains - NY, NJ","35614","New Jersey","NJ","34","Middlesex County","23","0084.03","Information not provided by applicant in mail, Internet, or telephone application","3","No co-applicant","5","Information not provided by applicant in mail, Internet, or telephone application","6","","","","","","","","","No co-applicant","8","","","","","","","","","Information not provided by applicant in mail, Internet, or telephone application","3","No co-applicant","5","216","Freddie Mac (FHLMC)","3","","","","","","","","Not a HOEPA loan","2","Secured by a first lien","1","","","","7522","58.91999816894531","73700","168.75","2163","2395",""
"2017","7197000003","Department of Housing and Urban Development","HUD","7","Conventional","1","One-to-four family dwelling (other than manufactured housing)","1","Refinancing","3","Owner-occupied as a principal dwelling","1","285","Not applicable","3","Loan originated","1","New York, Jersey City, White Plains - NY, NJ","35614","New Jersey","NJ","34","Bergen County","3","0313.00","Not Hispanic or Latino","2","No co-applicant","5","White","5","","","","","","","","","No co-applicant","8","","","","","","","","","Female","2","No co-applicant","5","114","Freddie Mac (FHLMC)","3","","","","","","","","Not a HOEPA loan","2","Secured by a first lien","1","","","","5268","23.389999389648438","73700","136.72999572753906","1268","1948",""
"2017","80-0743699","Department of Housing and Urban Development","HUD","7","FHA-insured","2","One-to-four family dwelling (other than manufactured housing)","1","Home purchase","1","Owner-occupied as a principal dwelling","1","242","Preapproval was not requested","2","File closed for incompleteness","5","","","New Jersey","NJ","34","","","","Information not provided by applicant in mail, Internet, or telephone application","3","No co-applicant","5","Information not provided by applicant in mail, Internet, or telephone application","6","","","","","","","","","No co-applicant","8","","","","","","","","","Information not provided by applicant in mail, Internet, or telephone application","3","No co-applicant","5","53","Loan was not originated or was not sold in calendar year covered by register","0","","","","","","","","Not a HOEPA loan","2","Secured by a first lien","1","","","","","","","","","",""
"2017","0000451965","Consumer Financial Protection Bureau","CFPB","9","FHA-insured","2","One-to-four family dwelling (other than manufactured housing)","1","Home purchase","1","Owner-occupied as a principal dwelling","1","75","Not applicable","3","Application withdrawn by applicant","4","Camden - NJ","15804","New Jersey","NJ","34","Camden County","7","6026.01","Not Hispanic or Latino","2","No co-applicant","5","White","5","","","","","","","","","No co-applicant","8","","","","","","","","","Male","1","No co-applicant","5","61","Loan was not originated or was not sold in calendar year covered by register","0","","","","","","","","Not a HOEPA loan","2","Secured by a first lien","1","","","","2880","57.66999816894531","91500","84.97000122070312","778","971",""
"2017","75-2921540","Department of Housing and Urban Development","HUD","7","FHA-insured","2","One-to-four family dwelling (other than manufactured housing)","1","Refinancing","3","Owner-occupied as a principal dwelling","1","162","Not applicable","3","Application withdrawn by applicant","4","Atlantic City, Hammonton - NJ","12100","New Jersey","NJ","34","Atlantic County","1","0103.00","Hispanic or Latino","1","No co-applicant","5","White","5","","","","","","","","","No co-applicant","8","","","","","","","","","Male","1","No co-applicant","5","","Loan was not originated or was not sold in calendar year covered by register","0","","","","","","","","Not a HOEPA loan","2","Secured by a first lien","1","","","","2464","58.08000183105469","67200","75.76000213623047","655","763",""
"2017","80-0743699","Department of Housing and Urban Development","HUD","7","FHA-insured","2","One-to-four family dwelling (other than manufactured housing)","1","Home purchase","1","Owner-occupied as a principal dwelling","1","290","Preapproval was not requested","2","Application withdrawn by applicant","4","","","New Jersey","NJ","34","","","","Information not provided by applicant in mail, Internet, or telephone application","3","Information not provided by applicant in mail, Internet, or telephone application","3","Information not provided by applicant in mail, Internet, or telephone application","6","","","","","","","","","Information not provided by applicant in mail, Internet, or telephone application","6","","","","","","","","","Information not provided by applicant in mail, Internet, or telephone application","3","Information not provided by applicant in mail, Internet, or telephone application","3","","Loan was not originated or was not sold in calendar year covered by register","0","","","","","","","","Not a HOEPA loan","2","Secured by a first lien","1","","","","","","","","","",""
"2017","27-2389039","Department of Housing and Urban Development","HUD","7","Conventional","1","One-to-four family dwelling (other than manufactured housing)","1","Home purchase","1","Owner-occupied as a principal dwelling","1","280","Preapproval was not requested","2","Loan originated","1","New York, Jersey City, White Plains - NY, NJ","35614","New Jersey","NJ","34","Monmouth County","25","8087.01","Not Hispanic or Latino","2","No co-applicant","5","White","5","","","","","","","","","No co-applicant","8","","","","","","","","","Female","2","No co-applicant","5","95","Life insurance company, credit union, mortgage bank, or finance company","7","","","","","","","","Not a HOEPA loan","2","Secured by a first lien","1","","","","4761","5.309999942779541","73700","167.25","1415","1659",""
"2017","22-3157857","Department of Housing and Urban Development","HUD","7","Conventional","1","One-to-four family dwelling (other than manufactured housing)","1","Home purchase","1","Owner-occupied as a principal dwelling","1","215","Not applicable","3","Loan originated","1","New York, Jersey City, White Plains - NY, NJ","35614","New Jersey","NJ","34","Bergen County","3","0292.00","Not Hispanic or Latino","2","Not Hispanic or Latino","2","White","5","","","","","","","","","White","5","","","","","","","","","Male","1","Female","2","81","Fannie Mae (FNMA)","1","","","","","","","","Not a HOEPA loan","2","Secured by a first lien","1","","","","5813","52.189998626708984","73700","126.6500015258789","1191","1850",""
"2017","7851800005","Department of Housing and Urban Development","HUD","7","Conventional","1","One-to-four family dwelling (other than manufactured housing)","1","Home improvement","2","Owner-occupied as a principal dwelling","1","412","Not applicable","3","Application withdrawn by applicant","4","","","New Jersey","NJ","34","","","","Information not provided by applicant in mail, Internet, or telephone application","3","Not Hispanic or Latino","2","Information not provided by applicant in mail, Internet, or telephone application","6","","","","","","","","","Information not provided by applicant in mail, Internet, or telephone application","6","","","","","","","","","Information not provided by applicant in mail, Internet, or telephone application","3","Information not provided by applicant in mail, Internet, or telephone application","3","220","Loan was not originated or was not sold in calendar year covered by register","0","","","","","","","","Not a HOEPA loan","2","Secured by a first lien","1","","","","","","","","","",""
"2017","02-0594137","Department of Housing and Urban Development","HUD","7","Conventional","1","One-to-four family dwelling (other than manufactured housing)","1","Home purchase","1","Owner-occupied as a principal dwelling","1","652","Not applicable","3","Loan originated","1","New York, Jersey City, White Plains - NY, NJ","35614","New Jersey","NJ","34","Monmouth County","25","8095.02","Not Hispanic or Latino","2","Not Hispanic or Latino","2","White","5","","","","","","","","","White","5","","","","","","","","","Male","1","Female","2","361","Commercial bank, savings bank or savings association","6","","","","","","","","Not a HOEPA loan","2","Secured by a first lien","1","","","","8479","26.510000228881836","73700","200.72999572753906","2624","2682",""
"2017","0000021122","Federal Deposit Insurance Corporation","FDIC","3","Conventional","1","One-to-four family dwelling (other than manufactured housing)","1","Refinancing","3","Owner-occupied as a principal dwelling","1","315","Not applicable","3","Loan originated","1","Camden - NJ","15804","New Jersey","NJ","34","Gloucester County","15","5012.05","Not Hispanic or Latino","2","Not Hispanic or Latino","2","White","5","","","","","","","","","White","5","","","","","","","","","Male","1","Female","2","149","Commercial bank, savings bank or savings association","6","","","","","","","","Not a HOEPA loan","2","Secured by a first lien","1","","","","2905","15.699999809265137","91500","143.6300048828125","822","912",""
"2017","80-0743699","Department of Housing and Urban Development","HUD","7","FHA-insured","2","One-to-four family dwelling (other than manufactured housing)","1","Home purchase","1","Owner-occupied as a principal dwelling","1","150","Preapproval was not requested","2","Application withdrawn by applicant","4","","","New Jersey","NJ","34","","","","Information not provided by applicant in mail, Internet, or telephone application","3","No co-applicant","5","Information not provided by applicant in mail, Internet, or telephone application","6","","","","","","","","","No co-applicant","8","","","","","","","","","Information not provided by applicant in mail, Internet, or telephone application","3","No co-applicant","5","","Loan was not originated or was not sold in calendar year covered by register","0","","","","","","","","Not a HOEPA loan","2","Secured by a first lien","1","","","","","","","","","",""
"2017","27-2389039","Department of Housing and Urban Development","HUD","7","FHA-insured","2","One-to-four family dwelling (other than manufactured housing)","1","Home purchase","1","Owner-occupied as a principal dwelling","1","486","Preapproval was not requested","2","Loan originated","1","New York, Jersey City, White Plains - NY, NJ","35614","New Jersey","NJ","34","Monmouth County","25","8088.00","Not Hispanic or Latino","2","No co-applicant","5","White","5","","","","","","","","","No co-applicant","8","","","","","","","","","Female","2","No co-applicant","5","124","Life insurance company, credit union, mortgage bank, or finance company","7","","","","","","","","Not a HOEPA loan","2","Secured by a first lien","1","","","","4155","4.360000133514404","73700","155.8000030517578","1369","1743",""
"2017","7516800003","Department of Housing and Urban Development","HUD","7","Conventional","1","One-to-four family dwelling (other than manufactured housing)","1","Home purchase","1","Not owner-occupied as a principal dwelling","2","180","Not applicable","3","Loan purchased by the institution","6","Atlantic City, Hammonton - NJ","12100","New Jersey","NJ","34","Atlantic County","1","0101.04","Not applicable","4","Not applicable","4","Not applicable","7","","","","","","","","","Not applicable","7","","","","","","","","","Not applicable","4","Not applicable","4","","Fannie Mae (FNMA)","1","","","","","","","","Not a HOEPA loan","2","Not applicable","4","","","","1535","13.09000015258789","67200","68.83999633789062","370","1449",""
"2017","80-0743699","Department of Housing and Urban Development","HUD","7","FHA-insured","2","One-to-four family dwelling (other than manufactured housing)","1","Home purchase","1","Owner-occupied as a principal dwelling","1","196","Preapproval was not requested","2","File closed for incompleteness","5","","","New Jersey","NJ","34","","","","Information not provided by applicant in mail, Internet, or telephone application","3","No co-applicant","5","Information not provided by applicant in mail, Internet, or telephone application","6","","","","","","","","","No co-applicant","8","","","","","","","","","Information not provided by applicant in mail, Internet, or telephone application","3","No co-applicant","5","100","Loan was not originated or was not sold in calendar year covered by register","0","","","","","","","","Not a HOEPA loan","2","Secured by a first lien","1","","","","","","","","","",""
"2017","0000005588","National Credit Union Administration","NCUA","5","Conventional","1","One-to-four family dwelling (other than manufactured housing)","1","Home purchase","1","Owner-occupied as a principal dwelling","1","410","Not applicable","3","Loan originated","1","New York, Jersey City, White Plains - NY, NJ","35614","New Jersey","NJ","34","Middlesex County","23","0014.10","Not Hispanic or Latino","2","No co-applicant","5","Asian","2","","","","","","","","","No co-applicant","8","","","","","","","","","Male","1","No co-applicant","5","147","Fannie Mae (FNMA)","1","","","","","","","","Not a HOEPA loan","2","Secured by a first lien","1","","","","4360","79.11000061035156","73700","202.4499969482422","1056","1296",""
"2017","80-0743699","Department of Housing and Urban Development","HUD","7","Conventional","1","One-to-four family dwelling (other than manufactured housing)","1","Home purchase","1","Owner-occupied as a principal dwelling","1","105","Preapproval was not requested","2","Loan originated","1","Newark - NJ, PA","35084","New Jersey","NJ","34","Sussex County","37","3727.00","Not Hispanic or Latino","2","Not Hispanic or Latino","2","Information not provided by applicant in mail, Internet, or telephone application","6","","","","","","","","","Information not provided by applicant in mail, Internet, or telephone application","6","","","","","","","","","Female","2","Male","1","98","Life insurance company, credit union, mortgage bank, or finance company","7","","","","","","","","Not a HOEPA loan","2","Secured by a first lien","1","","","","3209","13.520000457763672","99800","97.37999725341797","1186","1183",""
"2017","80-0743699","Department of Housing and Urban Development","HUD","7","FHA-insured","2","One-to-four family dwelling (other than manufactured housing)","1","Home purchase","1","Owner-occupied as a principal dwelling","1","329","Preapproval was not requested","2","Application withdrawn by applicant","4","","","New Jersey","NJ","34","","","","Hispanic or Latino","1","Information not provided by applicant in mail, Internet, or telephone application","3","White","5","","","","","","","","","Information not provided by applicant in mail, Internet, or telephone application","6","","","","","","","","","Male","1","Information not provided by applicant in mail, Internet, or telephone application","3","117","Loan was not originated or was not sold in calendar year covered by register","0","","","","","","","","Not a HOEPA loan","2","Secured by a first lien","1","","","","","","","","","",""
"2017","20-8921389","Department of Housing and Urban Development","HUD","7","Conventional","1","One-to-four family dwelling (other than manufactured housing)","1","Home purchase","1","Owner-occupied as a principal dwelling","1","356","Preapproval was requested","1","Loan originated","1","New York, Jersey City, White Plains - NY, NJ","35614","New Jersey","NJ","34","Monmouth County","25","8094.00","Information not provided by applicant in mail, Internet, or telephone application","3","No co-applicant","5","Information not provided by applicant in mail, Internet, or telephone application","6","","","","","","","","","No co-applicant","8","","","","","","","","","Information not provided by applicant in mail, Internet, or telephone application","3","No co-applicant","5","136","Fannie Mae (FNMA)","1","","","","","","","","Not a HOEPA loan","2","Secured by a first lien","1","","","","4769","8.640000343322754","73700","198.2899932861328","1686","2108",""
"2017","0004186591","Consumer Financial Protection Bureau","CFPB","9","FHA-insured","2","One-to-four family dwelling (other than manufactured housing)","1","Refinancing","3","Owner-occupied as a principal dwelling","1","169","Not applicable","3","Loan purchased by the institution","6","Camden - NJ","15804","New Jersey","NJ","34","Camden County","7","6057.00","Not applicable","4","Not applicable","4","Not applicable","7","","","","","","","","","Not applicable","7","","","","","","","","","Not applicable","4","Not applicable","4","","Ginnie Mae (GNMA)","2","","","","","","","","Not a HOEPA loan","2","Not applicable","4","","","","3484","4.019999980926514","91500","118.55000305175781","1089","1371",""
"2017","80-0743699","Department of Housing and Urban Development","HUD","7","FHA-insured","2","One-to-four family dwelling (other than manufactured housing)","1","Home purchase","1","Owner-occupied as a principal dwelling","1","147","Preapproval was not requested","2","File closed for incompleteness","5","","","New Jersey","NJ","34","","","","Information not provided by applicant in mail, Internet, or telephone application","3","No co-applicant","5","Information not provided by applicant in mail, Internet, or telephone application","6","","","","","","","","","No co-applicant","8","","","","","","","","","Information not provided by applicant in mail, Internet, or telephone application","3","No co-applicant","5","30","Loan was not originated or was not sold in calendar year covered by register","0","","","","","","","","Not a HOEPA loan","2","Secured by a first lien","1","","","","","","","","","",""
"2017","26-4599244","Department of Housing and Urban Development","HUD","7","Conventional","1","One-to-four family dwelling (other than manufactured housing)","1","Refinancing","3","Owner-occupied as a principal dwelling","1","22","Not applicable","3","Loan originated","1","Camden - NJ","15804","New Jersey","NJ","34","Camden County","7","6052.00","Hispanic or Latino","1","No co-applicant","5","Black or African American","3","","","","","","","","","No co-applicant","8","","","","","","","","","Female","2","No co-applicant","5","101","Loan was not originated or was not sold in calendar year covered by register","0","","","","","","","04.47","Not a HOEPA loan","2","Secured by a subordinate lien","2","","","","2851","18.700000762939453","91500","82.72000122070312","745","1017",""
"2017","7197000003","Department of Housing and Urban Development","HUD","7","Conventional","1","One-to-four family dwelling (other than manufactured housing)","1","Refinancing","3","Owner-occupied as a principal dwelling","1","392","Not applicable","3","Loan originated","1","New York, Jersey City, White Plains - NY, NJ","35614","New Jersey","NJ","34","Middlesex County","23","0006.06","Not Hispanic or Latino","2","Not Hispanic or Latino","2","Information not provided by applicant in mail, Internet, or telephone application","6","","","","","","","","","Asian","2","","","","","","","","","Female","2","Male","1","234","Fannie Mae (FNMA)","1","","","","","","","","Not a HOEPA loan","2","Secured by a first lien","1","","","","7173","75.63999938964844","73700","145.89999389648438","1909","2031",""
"2017","80-0743699","Department of Housing and Urban Development","HUD","7","FHA-insured","2","One-to-four family dwelling (other than manufactured housing)","1","Home purchase","1","Owner-occupied as a principal dwelling","1","172","Preapproval was not requested","2","File closed for incompleteness","5","","","New Jersey","NJ","34","","","","Information not provided by applicant in mail, Internet, or telephone application","3","No co-applicant","5","Information not provided by applicant in mail, Internet, or telephone application","6","","","","","","","","","No co-applicant","8","","","","","","","","","Information not provided by applicant in mail, Internet, or telephone application","3","No co-applicant","5","97","Loan was not originated or was not sold in calendar year covered by register","0","","","","","","","","Not a HOEPA loan","2","Secured by a first lien","1","","","","","","","","","",""
"2017","0000012010","Federal Deposit Insurance Corporation","FDIC","3","Conventional","1","One-to-four family dwelling (other than manufactured housing)","1","Home purchase","1","Owner-occupied as a principal dwelling","1","200","Not applicable","3","Loan originated","1","New York, Jersey City, White Plains - NY, NJ","35614","New Jersey","NJ","34","Monmouth County","25","8113.03","Information not provided by applicant in mail, Internet, or telephone application","3","Information not provided by applicant in mail, Internet, or telephone application","3","Information not provided by applicant in mail, Internet, or telephone application","6","","","","","","","","","Information not provided by applicant in mail, Internet, or telephone application","6","","","","","","","","","Information not provided by applicant in mail, Internet, or telephone application","3","Information not provided by applicant in mail, Internet, or telephone application","3","155","Loan was not originated or was not sold in calendar year covered by register","0","","","","","","","","Not a HOEPA loan","2","Secured by a first lien","1","","","","4546","12.229999542236328","73700","157.39999389648438","1358","1415",""
"2017","7568300002","Department of Housing and Urban Development","HUD","7","FHA-insured","2","One-to-four family dwelling (other than manufactured housing)","1","Home purchase","1","Owner-occupied as a principal dwelling","1","200","Preapproval was not requested","2","Loan originated","1","Camden - NJ","15804","New Jersey","NJ","34","Camden County","7","6075.05","Not Hispanic or Latino","2","No co-applicant","5","White","5","","","","","","","","","No co-applicant","8","","","","","","","","","Female","2","No co-applicant","5","47","Other type of purchaser","9","","","","","","","01.50","Not a HOEPA loan","2","Secured by a first lien","1","","","","4768","25.84000015258789","91500","152.0800018310547","1398","1470",""
"2017","54-1094297","Department of Housing and Urban Development","HUD","7","Conventional","1","One-to-four family dwelling (other than manufactured housing)","1","Home purchase","1","Owner-occupied as a principal dwelling","1","424","Not applicable","3","Loan originated","1","","","New Jersey","NJ","34","","","","Information not provided by applicant in mail, Internet, or telephone application","3","Not Hispanic or Latino","2","Information not provided by applicant in mail, Internet, or telephone application","6","","","","","","","","","Information not provided by applicant in mail, Internet, or telephone application","6","","","","","","","","","Female","2","Male","1","170","Commercial bank, savings bank or savings association","6","","","","","","","","Not a HOEPA loan","2","Secured by a first lien","1","","","","","","","","","",""
"2017","27-3027124","Department of Housing and Urban Development","HUD","7","FHA-insured","2","One-to-four family dwelling (other than manufactured housing)","1","Refinancing","3","Owner-occupied as a principal dwelling","1","349","Not applicable","3","Loan originated","1","New York, Jersey City, White Plains - NY, NJ","35614","New Jersey","NJ","34","Passaic County","31","1432.00","Not Hispanic or Latino","2","No co-applicant","5","White","5","","","","","","","","","No co-applicant","8","","","","","","","","","Male","1","No co-applicant","5","106","Affiliate institution","8","","","","","","","","Not a HOEPA loan","2","Secured by a first lien","1","","","","6054","12.59000015258789","73700","173.02999877929688","1855","2223",""
"2017","36-4327855","Department of Housing and Urban Development","HUD","7","FHA-insured","2","One-to-four family dwelling (other than manufactured housing)","1","Home purchase","1","Owner-occupied as a principal dwelling","1","193","Preapproval was not requested","2","Loan originated","1","Newark - NJ, PA","35084","New Jersey","NJ","34","Somerset County","35","0520.01","Hispanic or Latino","1","No co-applicant","5","White","5","","","","","","","","","No co-applicant","8","","","","","","","","","Female","2","No co-applicant","5","87","Life insurance company, credit union, mortgage bank, or finance company","7","","","","","","","","Not a HOEPA loan","2","Secured by a first lien","1","","","","3982","58.790000915527344","99800","95.37000274658203","1015","1250",""
"2017","80-0743699","Department of Housing and Urban Development","HUD","7","FHA-insured","2","One-to-four family dwelling (other than manufactured housing)","1","Home purchase","1","Owner-occupied as a principal dwelling","1","172","Preapproval was not requested","2","File closed for incompleteness","5","","","New Jersey","NJ","34","","","","Information not provided by applicant in mail, Internet, or telephone application","3","No co-applicant","5","Information not provided by applicant in mail, Internet, or telephone application","6","","","","","","","","","No co-applicant","8","","","","","","","","","Information not provided by applicant in mail, Internet, or telephone application","3","No co-applicant","5","46","Loan was not originated or was not sold in calendar year covered by register","0","","","","","","","","Not a HOEPA loan","2","Secured by a first lien","1","","","","","","","","","",""
"2017","7197000003","Department of Housing and Urban Development","HUD","7","Conventional","1","One-to-four family dwelling (other than manufactured housing)","1","Refinancing","3","Owner-occupied as a principal dwelling","1","175","Not applicable","3","Loan originated","1","Newark - NJ, PA","35084","New Jersey","NJ","34","Sussex County","37","3723.00","Information not provided by applicant in mail, Internet, or telephone application","3","No co-applicant","5","Information not provided by applicant in mail, Internet, or telephone application","6","","","","","","","","","No co-applicant","8","","","","","","","","","Information not provided by applicant in mail, Internet, or telephone application","3","No co-applicant","5","101","Loan was not originated or was not sold in calendar year covered by register","0","","","","","","","","Not a HOEPA loan","2","Secured by a first lien","1","","","","4233","5.579999923706055","99800","103.44999694824219","1221","1519",""
"2017","75-2921540","Department of Housing and Urban Development","HUD","7","Conventional","1","One-to-four family dwelling (other than manufactured housing)","1","Refinancing","3","Owner-occupied as a principal dwelling","1","221","Not applicable","3","Application withdrawn by applicant","4","Camden - NJ","15804","New Jersey","NJ","34","Camden County","7","6082.11","Not Hispanic or Latino","2","No co-applicant","5","Black or African American","3","","","","","","","","","No co-applicant","8","","","","","","","","","Male","1","No co-applicant","5","","Loan was not originated or was not sold in calendar year covered by register","0","","","","","","","","Not a HOEPA loan","2","Secured by a first lien","1","","","","5782","53.599998474121094","91500","93.5199966430664","1367","1748",""
"2017","80-0743699","Department of Housing and Urban Development","HUD","7","Conventional","1","One-to-four family dwelling (other than manufactured housing)","1","Home purchase","1","Not owner-occupied as a principal dwelling","2","159","Preapproval was not requested","2","Application withdrawn by applicant","4","","","New Jersey","NJ","34","","","","Information not provided by applicant in mail, Internet, or telephone application","3","Not applicable","4","Information not provided by applicant in mail, Internet, or telephone application","6","","","","","","","","","Not applicable","7","","","","","","","","","Information not provided by applicant in mail, Internet, or telephone application","3","Not applicable","4","42","Loan was not originated or was not sold in calendar year covered by register","0","","","","","","","","Not a HOEPA loan","2","Secured by a first lien","1","","","","","","","","","",""
"2017","75-2921540","Department of Housing and Urban Development","HUD","7","FHA-insured","2","One-to-four family dwelling (other than manufactured housing)","1","Refinancing","3","Owner-occupied as a principal dwelling","1","170","Not applicable","3","Application denied by financial institution","3","Trenton - NJ","45940","New Jersey","NJ","34","Mercer County","21","0030.03","Not Hispanic or Latino","2","No co-applicant","5","White","5","","","","","","","","","No co-applicant","8","","","","","","","","","Female","2","No co-applicant","5","42","Loan was not originated or was not sold in calendar year covered by register","0","","","","","","","","Not a HOEPA loan","2","Secured by a first lien","1","","","","6190","8.899999618530273","95400","103.6500015258789","1901","2297",""
"2017","0004186591","Consumer Financial Protection Bureau","CFPB","9","FSA/RHS-guaranteed","4","One-to-four family dwelling (other than manufactured housing)","1","Home purchase","1","Owner-occupied as a principal dwelling","1","142","Not applicable","3","Loan purchased by the institution","6","Camden - NJ","15804","New Jersey","NJ","34","Gloucester County","15","5003.00","Not applicable","4","Not applicable","4","Not applicable","7","","","","","","","","","Not applicable","7","","","","","","","","","Not applicable","4","Not applicable","4","","Ginnie Mae (GNMA)","2","","","","","","","","Not a HOEPA loan","2","Not applicable","4","","","","3005","5.860000133514404","91500","81.0999984741211","824","1117",""
"2017","80-0743699","Department of Housing and Urban Development","HUD","7","FHA-insured","2","One-to-four family dwelling (other than manufactured housing)","1","Home purchase","1","Owner-occupied as a principal dwelling","1","295","Preapproval was not requested","2","File closed for incompleteness","5","","","New Jersey","NJ","34","","","","Information not provided by applicant in mail, Internet, or telephone application","3","Information not provided by applicant in mail, Internet, or telephone application","3","Information not provided by applicant in mail, Internet, or telephone application","6","","","","","","","","","Information not provided by applicant in mail, Internet, or telephone application","6","","","","","","","","","Information not provided by applicant in mail, Internet, or telephone application","3","Information not provided by applicant in mail, Internet, or telephone application","3","78","Loan was not originated or was not sold in calendar year covered by register","0","","","","","","","","Not a HOEPA loan","2","Secured by a first lien","1","","","","","","","","","",""
"2017","0000817824","Consumer Financial Protection Bureau","CFPB","9","FHA-insured","2","One-to-four family dwelling (other than manufactured housing)","1","Refinancing","3","Owner-occupied as a principal dwelling","1","223","Not applicable","3","Loan originated","1","Newark - NJ, PA","35084","New Jersey","NJ","34","Union County","39","0325.00","Information not provided by applicant in mail, Internet, or telephone application","3","Information not provided by applicant in mail, Internet, or telephone application","3","Information not provided by applicant in mail, Internet, or telephone application","6","","","","","","","","","Information not provided by applicant in mail, Internet, or telephone application","6","","","","","","","","","Information not provided by applicant in mail, Internet, or telephone application","3","Information not provided by applicant in mail, Internet, or telephone application","3","125","Ginnie Mae (GNMA)","2","","","","","","","","Not a HOEPA loan","2","Secured by a first lien","1","","","","5563","60.18000030517578","99800","88.45999908447266","1417","1779",""
"2017","0000146672","Consumer Financial Protection Bureau","CFPB","9","FHA-insured","2","One-to-four family dwelling (other than manufactured housing)","1","Refinancing","3","Owner-occupied as a principal dwelling","1","143","Not applicable","3","Loan originated","1","Camden - NJ","15804","New Jersey","NJ","34","Camden County","7","6083.04","Not Hispanic or Latino","2","No co-applicant","5","White","5","","","","","","","","","No co-applicant","8","","","","","","","","","Male","1","No co-applicant","5","60","Ginnie Mae (GNMA)","2","","","","","","","","Not a HOEPA loan","2","Secured by a first lien","1","","","","6393","19.90999984741211","91500","88.16999816894531","1955","2288",""
"2017","80-0743699","Department of Housing and Urban Development","HUD","7","FHA-insured","2","One-to-four family dwelling (other than manufactured housing)","1","Home purchase","1","Owner-occupied as a principal dwelling","1","157","Preapproval was not requested","2","File closed for incompleteness","5","","","New Jersey","NJ","34","","","","Information not provided by applicant in mail, Internet, or telephone application","3","No co-applicant","5","Information not provided by applicant in mail, Internet, or telephone application","6","","","","","","","","","No co-applicant","8","","","","","","","","","Information not provided by applicant in mail, Internet, or telephone application","3","No co-applicant","5","51","Loan was not originated or was not sold in calendar year covered by register","0","","","","","","","","Not a HOEPA loan","2","Secured by a first lien","1","","","","","","","","","",""
"2017","0000504713","Consumer Financial Protection Bureau","CFPB","9","FHA-insured","2","One-to-four family dwelling (other than manufactured housing)","1","Home purchase","1","Owner-occupied as a principal dwelling","1","156","Not applicable","3","Loan purchased by the institution","6","New York, Jersey City, White Plains - NY, NJ","35614","New Jersey","NJ","34","Middlesex County","23","0007.02","Not applicable","4","Not applicable","4","Not applicable","7","","","","","","","","","Not applicable","7","","","","","","","","","Not applicable","4","Not applicable","4","","Loan was not originated or was not sold in calendar year covered by register","0","","","","","","","","Not a HOEPA loan","2","Not applicable","4","","","","5349","55.369998931884766","73700","159.3300018310547","1653","1750",""
"2017","0000451965","Consumer Financial Protection Bureau","CFPB","9","Conventional","1","One-to-four family dwelling (other than manufactured housing)","1","Home purchase","1","Owner-occupied as a principal dwelling","1","85","Not applicable","3","Application withdrawn by applicant","4","New York, Jersey City, White Plains - NY, NJ","35614","New Jersey","NJ","34","Bergen County","3","0442.02","Not Hispanic or Latino","2","No co-applicant","5","White","5","","","","","","","","","No co-applicant","8","","","","","","","","","Female","2","No co-applicant","5","83","Loan was not originated or was not sold in calendar year covered by register","0","","","","","","","","Not a HOEPA loan","2","Secured by a first lien","1","","","","4944","17.68000030517578","73700","170.1999969482422","1701","1740",""
"2017","80-0743699","Department of Housing and Urban Development","HUD","7","FHA-insured","2","One-to-four family dwelling (other than manufactured housing)","1","Home purchase","1","Owner-occupied as a principal dwelling","1","190","Preapproval was not requested","2","Application denied by financial institution","3","","","New Jersey","NJ","34","","","","Information not provided by applicant in mail, Internet, or telephone application","3","Information not provided by applicant in mail, Internet, or telephone application","3","Information not provided by applicant in mail, Internet, or telephone application","6","","","","","","","","","Information not provided by applicant in mail, Internet, or telephone application","6","","","","","","","","","Information not provided by applicant in mail, Internet, or telephone application","3","Information not provided by applicant in mail, Internet, or telephone application","3","","Loan was not originated or was not sold in calendar year covered by register","0","","","","","","","","Not a HOEPA loan","2","Secured by a first lien","1","","","","","","","","","",""
"2017","0000702454","Office of the Comptroller of the Currency","OCC","1","Conventional","1","One-to-four family dwelling (other than manufactured housing)","1","Refinancing","3","Owner-occupied as a principal dwelling","1","896","Not applicable","3","Loan originated","1","New York, Jersey City, White Plains - NY, NJ","35614","New Jersey","NJ","34","Bergen County","3","0475.00","Information not provided by applicant in mail, Internet, or telephone application","3","Information not provided by applicant in mail, Internet, or telephone application","3","Information not provided by applicant in mail, Internet, or telephone application","6","","","","","","","","","Information not provided by applicant in mail, Internet, or telephone application","6","","","","","","","","","Male","1","Female","2","357","Loan was not originated or was not sold in calendar year covered by register","0","","","","","","","","Not a HOEPA loan","2","Secured by a first lien","1","","","","7122","20.040000915527344","73700","223.80999755859375","1720","2128",""
"2017","75-2921540","Department of Housing and Urban Development","HUD","7","Conventional","1","One-to-four family dwelling (other than manufactured housing)","1","Home improvement","2","Owner-occupied as a principal dwelling","1","140","Not applicable","3","Application denied by financial institution","3","Camden - NJ","15804","New Jersey","NJ","34","Camden County","7","6086.00","Not Hispanic or Latino","2","No co-applicant","5","White","5","","","","","","","","","No co-applicant","8","","","","","","","","","Male","1","No co-applicant","5","34","Loan was not originated or was not sold in calendar year covered by register","0","","","","","","","","Not a HOEPA loan","2","Secured by a first lien","1","","","","4968","35.290000915527344","91500","76.31999969482422","1359","1606",""
"2017","80-0743699","Department of Housing and Urban Development","HUD","7","FHA-insured","2","One-to-four family dwelling (other than manufactured housing)","1","Home purchase","1","Owner-occupied as a principal dwelling","1","164","Preapproval was not requested","2","Application denied by financial institution","3","","","New Jersey","NJ","34","","","","Information not provided by applicant in mail, Internet, or telephone application","3","No co-applicant","5","Information not provided by applicant in mail, Internet, or telephone application","6","","","","","","","","","No co-applicant","8","","","","","","","","","Information not provided by applicant in mail, Internet, or telephone application","3","No co-applicant","5","25","Loan was not originated or was not sold in calendar year covered by register","0","","","","","","","","Not a HOEPA loan","2","Secured by a first lien","1","","","","","","","","","",""
"2017","54-1870627","Department of Housing and Urban Development","HUD","7","FHA-insured","2","One-to-four family dwelling (other than manufactured housing)","1","Home purchase","1","Owner-occupied as a principal dwelling","1","275","Preapproval was not requested","2","Loan originated","1","Newark - NJ, PA","35084","New Jersey","NJ","34","Morris County","27","0462.97","Not Hispanic or Latino","2","No co-applicant","5","White","5","","","","","","","","","No co-applicant","8","","","","","","","","","Male","1","No co-applicant","5","67","Other type of purchaser","9","","","","","","","","Not a HOEPA loan","2","Secured by a first lien","1","","","","3557","8.569999694824219","99800","166.75999450683594","1189","1270",""
"2017","22-3626426","Department of Housing and Urban Development","HUD","7","Conventional","1","One-to-four family dwelling (other than manufactured housing)","1","Home purchase","1","Owner-occupied as a principal dwelling","1","254","Preapproval was not requested","2","Loan originated","1","New York, Jersey City, White Plains - NY, NJ","35614","New Jersey","NJ","34","Monmouth County","25","8111.01","Not Hispanic or Latino","2","No co-applicant","5","White","5","","","","","","","","","No co-applicant","8","","","","","","","","","Male","1","No co-applicant","5","79","Life insurance company, credit union, mortgage bank, or finance company","7","","","","","","","","Not a HOEPA loan","2","Secured by a first lien","1","","","","5598","20.579999923706055","73700","126.08000183105469","2304","2581",""
"2017","80-0743699","Department of Housing and Urban Development","HUD","7","FHA-insured","2","One-to-four family dwelling (other than manufactured housing)","1","Home purchase","1","Owner-occupied as a principal dwelling","1","200","Preapproval was not requested","2","File closed for incompleteness","5","","","New Jersey","NJ","34","","","","Information not provided by applicant in mail, Internet, or telephone application","3","No co-applicant","5","Information not provided by applicant in mail, Internet, or telephone application","6","","","","","","","","","No co-applicant","8","","","","","","","","","Information not provided by applicant in mail, Internet, or telephone application","3","No co-applicant","5","","Loan was not originated or was not sold in calendar year covered by register","0","","","","","","","","Not a HOEPA loan","2","Secured by a first lien","1","","","","","","","","","",""
"2017","47-0912342","Department of Housing and Urban Development","HUD","7","Conventional","1","One-to-four family dwelling (other than manufactured housing)","1","Refinancing","3","Owner-occupied as a principal dwelling","1","100","Not applicable","3","Loan originated","1","Camden - NJ","15804","New Jersey","NJ","34","Gloucester County","15","5015.00","Not Hispanic or Latino","2","Information not provided by applicant in mail, Internet, or telephone application","3","White","5","","","","","","","","","Information not provided by applicant in mail, Internet, or telephone application","6","","","","","","","","","Male","1","Information not provided by applicant in mail, Internet, or telephone application","3","74","Fannie Mae (FNMA)","1","","","","","","","","Not a HOEPA loan","2","Secured by a first lien","1","","","","8292","30.329999923706055","91500","83.69999694824219","2305","2940",""
"2017","0000451965","Consumer Financial Protection Bureau","CFPB","9","Conventional","1","One-to-four family dwelling (other than manufactured housing)","1","Home purchase","1","Not owner-occupied as a principal dwelling","2","299","Not applicable","3","Loan purchased by the institution","6","Ocean City - NJ","36140","New Jersey","NJ","34","Cape May County","9","0214.00","Not Hispanic or Latino","2","Not Hispanic or Latino","2","White","5","","","","","","","","","White","5","","","","","","","","","Male","1","Female","2","217","Freddie Mac (FHLMC)","3","","","","","","","","Not a HOEPA loan","2","Not applicable","4","","","","3907","31.639999389648438","73400","36.56999969482422","933","4784",""
"2017","80-0743699","Department of Housing and Urban Development","HUD","7","FHA-insured","2","One-to-four family dwelling (other than manufactured housing)","1","Home purchase","1","Owner-occupied as a principal dwelling","1","188","Preapproval was not requested","2","File closed for incompleteness","5","","","New Jersey","NJ","34","","","","Information not provided by applicant in mail, Internet, or telephone application","3","No co-applicant","5","Information not provided by applicant in mail, Internet, or telephone application","6","","","","","","","","","No co-applicant","8","","","","","","","","","Information not provided by applicant in mail, Internet, or telephone application","3","No co-applicant","5","75","Loan was not originated or was not sold in calendar year covered by register","0","","","","","","","","Not a HOEPA loan","2","Secured by a first lien","1","","","","","","","","","",""
"2017","0000852218","Consumer Financial Protection Bureau","CFPB","9","FHA-insured","2","One-to-four family dwelling (other than manufactured housing)","1","Home purchase","1","Owner-occupied as a principal dwelling","1","260","Not applicable","3","Loan purchased by the institution","6","Newark - NJ, PA","35084","New Jersey","NJ","34","Sussex County","37","3718.00","Not Hispanic or Latino","2","Not Hispanic or Latino","2","White","5","","","","","","","","","White","5","","","","","","","","","Female","2","Male","1","141","Ginnie Mae (GNMA)","2","","","","","","","","Not a HOEPA loan","2","Not applicable","4","","","","7112","10.260000228881836","99800","96.41999816894531","2436","2896",""
"2017","7851800005","Department of Housing and Urban Development","HUD","7","Conventional","1","One-to-four family dwelling (other than manufactured housing)","1","Home purchase","1","Not owner-occupied as a principal dwelling","2","150","Not applicable","3","Loan originated","1","New York, Jersey City, White Plains - NY, NJ","35614","New Jersey","NJ","34","Ocean County","29","7361.05","Not Hispanic or Latino","2","Not Hispanic or Latino","2","White","5","","","","","","","","","White","5","","","","","","","","","Female","2","Male","1","144","Life insurance company, credit union, mortgage bank, or finance company","7","","","","","","","","Not a HOEPA loan","2","Secured by a first lien","1","","","","3123","8.520000457763672","73700","104.7699966430664","1248","3303",""
"2017","80-0743699","Department of Housing and Urban Development","HUD","7","FHA-insured","2","One-to-four family dwelling (other than manufactured housing)","1","Home purchase","1","Owner-occupied as a principal dwelling","1","166","Preapproval was not requested","2","Application denied by financial institution","3","","","New Jersey","NJ","34","","","","Information not provided by applicant in mail, Internet, or telephone application","3","No co-applicant","5","Information not provided by applicant in mail, Internet, or telephone application","6","","","","","","","","","No co-applicant","8","","","","","","","","","Information not provided by applicant in mail, Internet, or telephone application","3","No co-applicant","5","32","Loan was not originated or was not sold in calendar year covered by register","0","","","","","","","","Not a HOEPA loan","2","Secured by a first lien","1","","","","","","","","","",""
"2017","26-3780954","Department of Housing and Urban Development","HUD","7","Conventional","1","One-to-four family dwelling (other than manufactured housing)","1","Home purchase","1","Owner-occupied as a principal dwelling","1","970","Not applicable","3","Loan originated","1","Trenton - NJ","45940","New Jersey","NJ","34","Mercer County","21","0042.04","Information not provided by applicant in mail, Internet, or telephone application","3","No co-applicant","5","Information not provided by applicant in mail, Internet, or telephone application","6","","","","","","","","","No co-applicant","8","","","","","","","","","Male","1","No co-applicant","5","352","Affiliate institution","8","","","","","","","","Not a HOEPA loan","2","Secured by a first lien","1","","","","5478","33.61000061035156","95400","213.1999969482422","1359","1927",""
"2017","23-2769131","Department of Housing and Urban Development","HUD","7","FHA-insured","2","One-to-four family dwelling (other than manufactured housing)","1","Home purchase","1","Owner-occupied as a principal dwelling","1","41","Preapproval was not requested","2","Loan originated","1","Vineland, Bridgeton - NJ","47220","New Jersey","NJ","34","Cumberland County","11","0302.00","Hispanic or Latino","1","No co-applicant","5","White","5","","","","","","","","","No co-applicant","8","","","","","","","","","Male","1","No co-applicant","5","34","Ginnie Mae (GNMA)","2","","","","","","","01.76","Not a HOEPA loan","2","Secured by a first lien","1","","","","5762","62.88999938964844","54200","72.38999938964844","1024","2046",""
"2017","80-0743699","Department of Housing and Urban Development","HUD","7","FHA-insured","2","One-to-four family dwelling (other than manufactured housing)","1","Home purchase","1","Owner-occupied as a principal dwelling","1","147","Preapproval was not requested","2","File closed for incompleteness","5","","","New Jersey","NJ","34","","","","Information not provided by applicant in mail, Internet, or telephone application","3","No co-applicant","5","Information not provided by applicant in mail, Internet, or telephone application","6","","","","","","","","","No co-applicant","8","","","","","","","","","Information not provided by applicant in mail, Internet, or telephone application","3","No co-applicant","5","","Loan was not originated or was not sold in calendar year covered by register","0","","","","","","","","Not a HOEPA loan","2","Secured by a first lien","1","","","","","","","","","",""
"2017","0000146672","Consumer Financial Protection Bureau","CFPB","9","Conventional","1","One-to-four family dwelling (other than manufactured housing)","1","Refinancing","3","Owner-occupied as a principal dwelling","1","159","Not applicable","3","Loan purchased by the institution","6","Camden - NJ","15804","New Jersey","NJ","34","Gloucester County","15","5014.04","Not applicable","4","Not applicable","4","Not applicable","7","","","","","","","","","Not applicable","7","","","","","","","","","Not applicable","4","Not applicable","4","","Fannie Mae (FNMA)","1","","","","","","","","Not a HOEPA loan","2","Not applicable","4","","","","3016","25.270000457763672","91500","133.0500030517578","181","224",""
"2017","0000817824","Consumer Financial Protection Bureau","CFPB","9","Conventional","1","One-to-four family dwelling (other than manufactured housing)","1","Home purchase","1","Owner-occupied as a principal dwelling","1","536","Preapproval was not requested","2","Application approved but not accepted","2","Newark - NJ, PA","35084","New Jersey","NJ","34","Somerset County","35","0509.01","Information not provided by applicant in mail, Internet, or telephone application","3","No co-applicant","5","Information not provided by applicant in mail, Internet, or telephone application","6","","","","","","","","","No co-applicant","8","","","","","","","","","Information not provided by applicant in mail, Internet, or telephone application","3","No co-applicant","5","278","Loan was not originated or was not sold in calendar year covered by register","0","","","","","","","","Not a HOEPA loan","2","Secured by a first lien","1","","","","4631","18.3799991607666","99800","145.24000549316406","1579","1540",""
"2017","22-3470404","Department of Housing and Urban Development","HUD","7","FHA-insured","2","One-to-four family dwelling (other than manufactured housing)","1","Refinancing","3","Owner-occupied as a principal dwelling","1","138","Not applicable","3","Loan originated","1","","","New Jersey","NJ","34","","","","Information not provided by applicant in mail, Internet, or telephone application","3","Information not provided by applicant in mail, Internet, or telephone application","3","Information not provided by applicant in mail, Internet, or telephone application","6","","","","","","","","","Information not provided by applicant in mail, Internet, or telephone application","6","","","","","","","","","Female","2","Male","1","","Ginnie Mae (GNMA)","2","","","","","","","","Not a HOEPA loan","2","Secured by a first lien","1","","","","","","","","","",""
"2017","54-1094297","Department of Housing and Urban Development","HUD","7","Conventional","1","One-to-four family dwelling (other than manufactured housing)","1","Home purchase","1","Owner-occupied as a principal dwelling","1","232","Not applicable","3","Loan originated","1","","","New Jersey","NJ","34","","","","Information not provided by applicant in mail, Internet, or telephone application","3","Information not provided by applicant in mail, Internet, or telephone application","3","Information not provided by applicant in mail, Internet, or telephone application","6","","","","","","","","","Information not provided by applicant in mail, Internet, or telephone application","6","","","","","","","","","Information not provided by applicant in mail, Internet, or telephone application","3","Information not provided by applicant in mail, Internet, or telephone application","3","112","Commercial bank, savings bank or savings association","6","","","","","","","","Not a HOEPA loan","2","Secured by a first lien","1","","","","","","","","","",""
"2017","13-6131491","Department of Housing and Urban Development","HUD","7","FHA-insured","2","One-to-four family dwelling (other than manufactured housing)","1","Home purchase","1","Owner-occupied as a principal dwelling","1","215","Not applicable","3","Loan purchased by the institution","6","Newark - NJ, PA","35084","New Jersey","NJ","34","Essex County","13","0097.00","Not applicable","4","Not applicable","4","Not applicable","7","","","","","","","","","Not applicable","7","","","","","","","","","Not applicable","4","Not applicable","4","","Ginnie Mae (GNMA)","2","","","","","","","","Not a HOEPA loan","2","Not applicable","4","","","","5271","94.93000030517578","99800","36.63999938964844","332","1070",""
"2017","80-0743699","Department of Housing and Urban Development","HUD","7","FHA-insured","2","One-to-four family dwelling (other than manufactured housing)","1","Home purchase","1","Owner-occupied as a principal dwelling","1","245","Preapproval was not requested","2","File closed for incompleteness","5","","","New Jersey","NJ","34","","","","Information not provided by applicant in mail, Internet, or telephone application","3","No co-applicant","5","Information not provided by applicant in mail, Internet, or telephone application","6","","","","","","","","","No co-applicant","8","","","","","","","","","Information not provided by applicant in mail, Internet, or telephone application","3","No co-applicant","5","106","Loan was not originated or was not sold in calendar year covered by register","0","","","","","","","","Not a HOEPA loan","2","Secured by a first lien","1","","","","","","","","","",""
"2017","0000722777","Consumer Financial Protection Bureau","CFPB","9","Conventional","1","One-to-four family dwelling (other than manufactured housing)","1","Home purchase","1","Owner-occupied as a principal dwelling","1","130","Preapproval was not requested","2","Loan originated","1","New York, Jersey City, White Plains - NY, NJ","35614","New Jersey","NJ","34","Middlesex County","23","0062.03","Not Hispanic or Latino","2","No co-applicant","5","White","5","","","","","","","","","No co-applicant","8","","","","","","","","","Male","1","No co-applicant","5","75","Freddie Mac (FHLMC)","3","","","","","","","","Not a HOEPA loan","2","Secured by a first lien","1","","","","10193","69.05999755859375","73700","150.30999755859375","1871","2126",""
"2017","22-3039688","Department of Housing and Urban Development","HUD","7","FHA-insured","2","One-to-four family dwelling (other than manufactured housing)","1","Refinancing","3","Owner-occupied as a principal dwelling","1","155","Not applicable","3","Application approved but not accepted","2","Newark - NJ, PA","35084","New Jersey","NJ","34","Union County","39","0313.00","Information not provided by applicant in mail, Internet, or telephone application","3","No co-applicant","5","Information not provided by applicant in mail, Internet, or telephone application","6","","","","","","","","","No co-applicant","8","","","","","","","","","Information not provided by applicant in mail, Internet, or telephone application","3","No co-applicant","5","","Loan was not originated or was not sold in calendar year covered by register","0","","","","","","","","Not a HOEPA loan","2","Secured by a first lien","1","","","","6720","87.13999938964844","99800","46.939998626708984","761","2217",""
"2017","80-0743699","Department of Housing and Urban Development","HUD","7","FHA-insured","2","One-to-four family dwelling (other than manufactured housing)","1","Home purchase","1","Owner-occupied as a principal dwelling","1","290","Preapproval was not requested","2","Application denied by financial institution","3","","","New Jersey","NJ","34","","","","Information not provided by applicant in mail, Internet, or telephone application","3","No co-applicant","5","Information not provided by applicant in mail, Internet, or telephone application","6","","","","","","","","","No co-applicant","8","","","","","","","","","Male","1","No co-applicant","5","46","Loan was not originated or was not sold in calendar year covered by register","0","Debt-to-income ratio","1","","","","","","Not a HOEPA loan","2","Secured by a first lien","1","","","","","","","","","",""
"2017","14-1841762","Department of Housing and Urban Development","HUD","7","FHA-insured","2","One-to-four family dwelling (other than manufactured housing)","1","Home purchase","1","Owner-occupied as a principal dwelling","1","190","Preapproval was not requested","2","Loan originated","1","Allentown, Bethlehem, Easton - PA, NJ","10900","New Jersey","NJ","34","Warren County","41","0323.00","Information not provided by applicant in mail, Internet, or telephone application","3","No co-applicant","5","Information not provided by applicant in mail, Internet, or telephone application","6","","","","","","","","","No co-applicant","8","","","","","","","","","Information not provided by applicant in mail, Internet, or telephone application","3","No co-applicant","5","63","Ginnie Mae (GNMA)","2","","","","","","","","Not a HOEPA loan","2","Secured by a first lien","1","","","","3279","9.640000343322754","75200","99.58999633789062","994","1326",""
"2017","0000035570","Consumer Financial Protection Bureau","CFPB","9","Conventional","1","One-to-four family dwelling (other than manufactured housing)","1","Home improvement","2","Owner-occupied as a principal dwelling","1","75","Not applicable","3","Loan originated","1","Newark - NJ, PA","35084","New Jersey","NJ","34","Essex County","13","0134.00","Not Hispanic or Latino","2","No co-applicant","5","White","5","","","","","","","","","No co-applicant","8","","","","","","","","","Female","2","No co-applicant","5","113","Loan was not originated or was not sold in calendar year covered by register","0","","","","","","","","Not a HOEPA loan","2","Secured by a first lien","1","","","","3725","21.020000457763672","99800","127.70999908447266","1274","1433",""
"2017","46-3435079","Department of Housing and Urban Development","HUD","7","VA-guaranteed","3","One-to-four family dwelling (other than manufactured housing)","1","Refinancing","3","Owner-occupied as a principal dwelling","1","227","Not applicable","3","Application withdrawn by applicant","4","","","New Jersey","NJ","34","","","","Information not provided by applicant in mail, Internet, or telephone application","3","No co-applicant","5","Information not provided by applicant in mail, Internet, or telephone application","6","","","","","","","","","No co-applicant","8","","","","","","","","","Information not provided by applicant in mail, Internet, or telephone application","3","No co-applicant","5","","Loan was not originated or was not sold in calendar year covered by register","0","","","","","","","","Not a HOEPA loan","2","Secured by a first lien","1","","","","","","","","","",""
"2017","0000451965","Consumer Financial Protection Bureau","CFPB","9","Conventional","1","One-to-four family dwelling (other than manufactured housing)","1","Refinancing","3","Owner-occupied as a principal dwelling","1","264","Not applicable","3","Application withdrawn by applicant","4","New York, Jersey City, White Plains - NY, NJ","35614","New Jersey","NJ","34","Middlesex County","23","0018.05","Not Hispanic or Latino","2","Not Hispanic or Latino","2","Asian","2","","","","","","","","","Asian","2","","","","","","","","","Male","1","Female","2","139","Loan was not originated or was not sold in calendar year covered by register","0","","","","","","","","Not a HOEPA loan","2","Secured by a first lien","1","","","","5063","57.54999923706055","73700","133.72999572753906","1048","1183",""
"2017","26-2261031","Department of Housing and Urban Development","HUD","7","Conventional","1","One-to-four family dwelling (other than manufactured housing)","1","Refinancing","3","Not owner-occupied as a principal dwelling","2","350","Not applicable","3","Application approved but not accepted","2","Ocean City - NJ","36140","New Jersey","NJ","34","Cape May County","9","0216.00","Not Hispanic or Latino","2","Not Hispanic or Latino","2","White","5","","","","","","","","","White","5","","","","","","","","","Female","2","Male","1","","Loan was not originated or was not sold in calendar year covered by register","0","","","","","","","","Not a HOEPA loan","2","Secured by a first lien","1","","","","3227","8.489999771118164","73400","90.02999877929688","1127","4621",""
"2017","80-0743699","Department of Housing and Urban Development","HUD","7","FHA-insured","2","One-to-four family dwelling (other than manufactured housing)","1","Home purchase","1","Owner-occupied as a principal dwelling","1","196","Preapproval was not requested","2","File closed for incompleteness","5","","","New Jersey","NJ","34","","","","Information not provided by applicant in mail, Internet, or telephone application","3","No co-applicant","5","Information not provided by applicant in mail, Internet, or telephone application","6","","","","","","","","","No co-applicant","8","","","","","","","","","Information not provided by applicant in mail, Internet, or telephone application","3","No co-applicant","5","68","Loan was not originated or was not sold in calendar year covered by register","0","","","","","","","","Not a HOEPA loan","2","Secured by a first lien","1","","","","","","","","","",""
"2017","0000817824","Consumer Financial Protection Bureau","CFPB","9","FHA-insured","2","One-to-four family dwelling (other than manufactured housing)","1","Home purchase","1","Owner-occupied as a principal dwelling","1","169","Preapproval was not requested","2","Loan originated","1","Allentown, Bethlehem, Easton - PA, NJ","10900","New Jersey","NJ","34","Warren County","41","0323.00","Not Hispanic or Latino","2","Not Hispanic or Latino","2","Information not provided by applicant in mail, Internet, or telephone application","6","","","","","","","","","Information not provided by applicant in mail, Internet, or telephone application","6","","","","","","","","","Male","1","Female","2","111","Ginnie Mae (GNMA)","2","","","","","","","","Not a HOEPA loan","2","Secured by a first lien","1","","","","3279","9.640000343322754","75200","99.58999633789062","994","1326",""
"2017","0000451965","Consumer Financial Protection Bureau","CFPB","9","FHA-insured","2","One-to-four family dwelling (other than manufactured housing)","1","Home purchase","1","Owner-occupied as a principal dwelling","1","285","Not applicable","3","Loan originated","1","Newark - NJ, PA","35084","New Jersey","NJ","34","Essex County","13","0142.00","Hispanic or Latino","1","No co-applicant","5","White","5","","","","","","","","","No co-applicant","8","","","","","","","","","Female","2","No co-applicant","5","67","Commercial bank, savings bank or savings association","6","","","","","","","","Not a HOEPA loan","2","Secured by a first lien","1","","","","4201","60.08000183105469","99800","95.86000061035156","972","1261",""
"2017","22-3626426","Department of Housing and Urban Development","HUD","7","Conventional","1","One-to-four family dwelling (other than manufactured housing)","1","Home purchase","1","Owner-occupied as a principal dwelling","1","376","Preapproval was requested","1","Application withdrawn by applicant","4","","","New Jersey","NJ","34","","","","Information not provided by applicant in mail, Internet, or telephone application","3","Information not provided by applicant in mail, Internet, or telephone application","3","Information not provided by applicant in mail, Internet, or telephone application","6","","","","","","","","","Information not provided by applicant in mail, Internet, or telephone application","6","","","","","","","","","Male","1","Female","2","137","Loan was not originated or was not sold in calendar year covered by register","0","","","","","","","","Not a HOEPA loan","2","Secured by a first lien","1","","","","","","","","","",""
"2017","20-8921389","Department of Housing and Urban Development","HUD","7","FHA-insured","2","One-to-four family dwelling (other than manufactured housing)","1","Refinancing","3","Owner-occupied as a principal dwelling","1","484","Not applicable","3","Loan originated","1","Newark - NJ, PA","35084","New Jersey","NJ","34","Morris County","27","0420.00","Not Hispanic or Latino","2","Hispanic or Latino","1","White","5","","","","","","","","","White","5","","","","","","","","","Female","2","Male","1","134","Ginnie Mae (GNMA)","2","","","","","","","","Not a HOEPA loan","2","Secured by a first lien","1","","","","4618","23.799999237060547","99800","147.1199951171875","1452","1544",""
"2017","7053700008","Department of Housing and Urban Development","HUD","7","Conventional","1","One-to-four family dwelling (other than manufactured housing)","1","Refinancing","3","Owner-occupied as a principal dwelling","1","236","Not applicable","3","Loan originated","1","New York, Jersey City, White Plains - NY, NJ","35614","New Jersey","NJ","34","Hudson County","17","0059.00","Not Hispanic or Latino","2","No co-applicant","5","White","5","","","","","","","","","No co-applicant","8","","","","","","","","","Male","1","No co-applicant","5","158","Other type of purchaser","9","","","","","","","","Not a HOEPA loan","2","Secured by a first lien","1","","","","7757","83.73999786376953","73700","103.95999908447266","1284","2310",""
"2017","46-3435079","Department of Housing and Urban Development","HUD","7","VA-guaranteed","3","One-to-four family dwelling (other than manufactured housing)","1","Refinancing","3","Owner-occupied as a principal dwelling","1","428","Not applicable","3","Application withdrawn by applicant","4","","","New Jersey","NJ","34","","","","Information not provided by applicant in mail, Internet, or telephone application","3","Information not provided by applicant in mail, Internet, or telephone application","3","Information not provided by applicant in mail, Internet, or telephone application","6","","","","","","","","","Information not provided by applicant in mail, Internet, or telephone application","6","","","","","","","","","Information not provided by applicant in mail, Internet, or telephone application","3","Information not provided by applicant in mail, Internet, or telephone application","3","","Loan was not originated or was not sold in calendar year covered by register","0","","","","","","","","Not a HOEPA loan","2","Secured by a first lien","1","","","","","","","","","",""
"2017","0000817824","Consumer Financial Protection Bureau","CFPB","9","Conventional","1","One-to-four family dwelling (other than manufactured housing)","1","Home purchase","1","Owner-occupied as a principal dwelling","1","129","Preapproval was not requested","2","Loan originated","1","Allentown, Bethlehem, Easton - PA, NJ","10900","New Jersey","NJ","34","Warren County","41","0322.00","Information not provided by applicant in mail, Internet, or telephone application","3","No co-applicant","5","Information not provided by applicant in mail, Internet, or telephone application","6","","","","","","","","","No co-applicant","8","","","","","","","","","Female","2","No co-applicant","5","61","Fannie Mae (FNMA)","1","","","","","","","","Not a HOEPA loan","2","Secured by a first lien","1","","","","8183","17.18000030517578","75200","130.24000549316406","2232","2448",""
"2017","04-3212636","Department of Housing and Urban Development","HUD","7","FHA-insured","2","One-to-four family dwelling (other than manufactured housing)","1","Home purchase","1","Owner-occupied as a principal dwelling","1","255","Preapproval was requested","1","Loan originated","1","Newark - NJ, PA","35084","New Jersey","NJ","34","Essex County","13","0151.00","Not Hispanic or Latino","2","No co-applicant","5","Black or African American","3","","","","","","","","","No co-applicant","8","","","","","","","","","Male","1","No co-applicant","5","72","Life insurance company, credit union, mortgage bank, or finance company","7","","","","","","","","Not a HOEPA loan","2","Secured by a first lien","1","","","","4765","55.630001068115234","99800","83.19999694824219","1103","1684",""
"2017","80-0743699","Department of Housing and Urban Development","HUD","7","FHA-insured","2","One-to-four family dwelling (other than manufactured housing)","1","Home purchase","1","Owner-occupied as a principal dwelling","1","100","Preapproval was not requested","2","Application withdrawn by applicant","4","","","New Jersey","NJ","34","","","","Information not provided by applicant in mail, Internet, or telephone application","3","No co-applicant","5","Information not provided by applicant in mail, Internet, or telephone application","6","","","","","","","","","No co-applicant","8","","","","","","","","","Information not provided by applicant in mail, Internet, or telephone application","3","No co-applicant","5","30","Loan was not originated or was not sold in calendar year covered by register","0","","","","","","","","Not a HOEPA loan","2","Secured by a first lien","1","","","","","","","","","",""
"2017","0000476810","Consumer Financial Protection Bureau","CFPB","9","Conventional","1","One-to-four family dwelling (other than manufactured housing)","1","Refinancing","3","Owner-occupied as a principal dwelling","1","800","Not applicable","3","Application withdrawn by applicant","4","New York, Jersey City, White Plains - NY, NJ","35614","New Jersey","NJ","34","Hudson County","17","0074.00","Not Hispanic or Latino","2","No co-applicant","5","Asian","2","","","","","","","","","No co-applicant","8","","","","","","","","","Male","1","No co-applicant","5","","Loan was not originated or was not sold in calendar year covered by register","0","","","","","","","","Not a HOEPA loan","2","Secured by a first lien","1","","","","5035","48.36000061035156","73700","296.1600036621094","736","55",""
"2017","22-2470496","Department of Housing and Urban Development","HUD","7","FHA-insured","2","One-to-four family dwelling (other than manufactured housing)","1","Home purchase","1","Owner-occupied as a principal dwelling","1","143","Preapproval was not requested","2","Application withdrawn by applicant","4","New York, Jersey City, White Plains - NY, NJ","35614","New Jersey","NJ","34","Ocean County","29","7340.02","Not Hispanic or Latino","2","Not Hispanic or Latino","2","White","5","","","","","","","","","White","5","","","","","","","","","Male","1","Female","2","58","Loan was not originated or was not sold in calendar year covered by register","0","","","","","","","","Not a HOEPA loan","2","Secured by a first lien","1","","","","7106","14.380000114440918","73700","110.2699966430664","1720","2456",""
"2017","80-0743699","Department of Housing and Urban Development","HUD","7","FHA-insured","2","One-to-four family dwelling (other than manufactured housing)","1","Home purchase","1","Owner-occupied as a principal dwelling","1","150","Preapproval was not requested","2","File closed for incompleteness","5","","","New Jersey","NJ","34","","","","Information not provided by applicant in mail, Internet, or telephone application","3","Information not provided by applicant in mail, Internet, or telephone application","3","Information not provided by applicant in mail, Internet, or telephone application","6","","","","","","","","","Information not provided by applicant in mail, Internet, or telephone application","6","","","","","","","","","Information not provided by applicant in mail, Internet, or telephone application","3","Information not provided by applicant in mail, Internet, or telephone application","3","","Loan was not originated or was not sold in calendar year covered by register","0","","","","","","","","Not a HOEPA loan","2","Secured by a first lien","1","","","","","","","","","",""
"2017","0000817824","Consumer Financial Protection Bureau","CFPB","9","Conventional","1","One-to-four family dwelling (other than manufactured housing)","1","Refinancing","3","Owner-occupied as a principal dwelling","1","180","Not applicable","3","Loan originated","1","Allentown, Bethlehem, Easton - PA, NJ","10900","New Jersey","NJ","34","Warren County","41","0322.00","Information not provided by applicant in mail, Internet, or telephone application","3","Information not provided by applicant in mail, Internet, or telephone application","3","Information not provided by applicant in mail, Internet, or telephone application","6","","","","","","","","","Information not provided by applicant in mail, Internet, or telephone application","6","","","","","","","","","Male","1","Female","2","50","Fannie Mae (FNMA)","1","","","","","","","","Not a HOEPA loan","2","Secured by a first lien","1","","","","8183","17.18000030517578","75200","130.24000549316406","2232","2448",""
"2017","0000852218","Consumer Financial Protection Bureau","CFPB","9","Conventional","1","One-to-four family dwelling (other than manufactured housing)","1","Home purchase","1","Owner-occupied as a principal dwelling","1","268","Not applicable","3","Loan purchased by the institution","6","Camden - NJ","15804","New Jersey","NJ","34","Gloucester County","15","5012.01","Not Hispanic or Latino","2","No co-applicant","5","White","5","","","","","","","","","No co-applicant","8","","","","","","","","","Male","1","No co-applicant","5","66","Freddie Mac (FHLMC)","3","","","","","","","","Not a HOEPA loan","2","Not applicable","4","","","","6199","10.029999732971191","91500","131.47999572753906","1882","1961",""
"2017","80-0743699","Department of Housing and Urban Development","HUD","7","Conventional","1","One-to-four family dwelling (other than manufactured housing)","1","Home purchase","1","Owner-occupied as a principal dwelling","1","225","Preapproval was not requested","2","File closed for incompleteness","5","","","New Jersey","NJ","34","","","","Information not provided by applicant in mail, Internet, or telephone application","3","Information not provided by applicant in mail, Internet, or telephone application","3","Information not provided by applicant in mail, Internet, or telephone application","6","","","","","","","","","Information not provided by applicant in mail, Internet, or telephone application","6","","","","","","","","","Information not provided by applicant in mail, Internet, or telephone application","3","Information not provided by applicant in mail, Internet, or telephone application","3","59","Loan was not originated or was not sold in calendar year covered by register","0","","","","","","","","Not a HOEPA loan","2","Secured by a first lien","1","","","","","","","","","",""
"2017","13-6131491","Department of Housing and Urban Development","HUD","7","Conventional","1","One-to-four family dwelling (other than manufactured housing)","1","Home purchase","1","Not owner-occupied as a principal dwelling","2","253","Not applicable","3","Loan originated","1","Ocean City - NJ","36140","New Jersey","NJ","34","Cape May County","9","0201.01","Not Hispanic or Latino","2","No co-applicant","5","White","5","","","","","","","","","No co-applicant","8","","","","","","","","","Female","2","No co-applicant","5","91","Freddie Mac (FHLMC)","3","","","","","","","","Not a HOEPA loan","2","Secured by a first lien","1","","","","3711","26.950000762939453","73400","97.30000305175781","970","3887",""
"2017","0000852218","Consumer Financial Protection Bureau","CFPB","9","Conventional","1","One-to-four family dwelling (other than manufactured housing)","1","Refinancing","3","Not owner-occupied as a principal dwelling","2","100","Not applicable","3","Loan originated","1","New York, Jersey City, White Plains - NY, NJ","35614","New Jersey","NJ","34","Ocean County","29","7361.01","Information not provided by applicant in mail, Internet, or telephone application","3","Information not provided by applicant in mail, Internet, or telephone application","3","White","5","","","","","","","","","White","5","","","","","","","","","Male","1","Female","2","98","Freddie Mac (FHLMC)","3","","","","","","","","Not a HOEPA loan","2","Secured by a first lien","1","","","","6182","17.260000228881836","73700","100.27999877929688","1982","2416",""
"2017","80-0743699","Department of Housing and Urban Development","HUD","7","FHA-insured","2","One-to-four family dwelling (other than manufactured housing)","1","Home purchase","1","Owner-occupied as a principal dwelling","1","280","Preapproval was requested","1","File closed for incompleteness","5","","","New Jersey","NJ","34","","","","Information not provided by applicant in mail, Internet, or telephone application","3","Information not provided by applicant in mail, Internet, or telephone application","3","Information not provided by applicant in mail, Internet, or telephone application","6","","","","","","","","","Information not provided by applicant in mail, Internet, or telephone application","6","","","","","","","","","Information not provided by applicant in mail, Internet, or telephone application","3","Information not provided by applicant in mail, Internet, or telephone application","3","","Loan was not originated or was not sold in calendar year covered by register","0","","","","","","","","Not a HOEPA loan","2","Secured by a first lien","1","","","","","","","","","",""
"2017","76-0503625","Department of Housing and Urban Development","HUD","7","VA-guaranteed","3","One-to-four family dwelling (other than manufactured housing)","1","Home purchase","1","Owner-occupied as a principal dwelling","1","504","Preapproval was not requested","2","Loan originated","1","Allentown, Bethlehem, Easton - PA, NJ","10900","New Jersey","NJ","34","Warren County","41","0322.00","Information not provided by applicant in mail, Internet, or telephone application","3","Information not provided by applicant in mail, Internet, or telephone application","3","Information not provided by applicant in mail, Internet, or telephone application","6","","","","","","","","","Information not provided by applicant in mail, Internet, or telephone application","6","","","","","","","","","Female","2","Information not provided by applicant in mail, Internet, or telephone application","3","203","Ginnie Mae (GNMA)","2","","","","","","","","Not a HOEPA loan","2","Secured by a first lien","1","","","","8183","17.18000030517578","75200","130.24000549316406","2232","2448",""
"2017","73-1577221","Department of Housing and Urban Development","HUD","7","FHA-insured","2","One-to-four family dwelling (other than manufactured housing)","1","Home purchase","1","Owner-occupied as a principal dwelling","1","264","Preapproval was not requested","2","Application withdrawn by applicant","4","Camden - NJ","15804","New Jersey","NJ","34","Gloucester County","15","5012.03","Not Hispanic or Latino","2","Not Hispanic or Latino","2","White","5","","","","","","","","","White","5","","","","","","","","","Male","1","Female","2","133","Loan was not originated or was not sold in calendar year covered by register","0","","","","","","","","Not a HOEPA loan","2","Secured by a first lien","1","","","","3209","1.8700000047683716","91500","114.5","1122","1128",""
"2017","80-0743699","Department of Housing and Urban Development","HUD","7","Conventional","1","One-to-four family dwelling (other than manufactured housing)","1","Home purchase","1","Owner-occupied as a principal dwelling","1","238","Preapproval was not requested","2","File closed for incompleteness","5","","","New Jersey","NJ","34","","","","Information not provided by applicant in mail, Internet, or telephone application","3","No co-applicant","5","Information not provided by applicant in mail, Internet, or telephone application","6","","","","","","","","","No co-applicant","8","","","","","","","","","Information not provided by applicant in mail, Internet, or telephone application","3","No co-applicant","5","42","Loan was not originated or was not sold in calendar year covered by register","0","","","","","","","","Not a HOEPA loan","2","Secured by a first lien","1","","","","","","","","","",""
"2017","46-3676810","Department of Housing and Urban Development","HUD","7","Conventional","1","One-to-four family dwelling (other than manufactured housing)","1","Home purchase","1","Owner-occupied as a principal dwelling","1","360","Not applicable","3","Loan originated","1","Camden - NJ","15804","New Jersey","NJ","34","Camden County","7","6035.07","Not Hispanic or Latino","2","No co-applicant","5","White","5","","","","","","","","","No co-applicant","8","","","","","","","","","Male","1","No co-applicant","5","123","Commercial bank, savings bank or savings association","6","","","","","","","","Not a HOEPA loan","2","Secured by a first lien","1","","","","7126","26.3700008392334","91500","163.13999938964844","2239","2197",""
"2017","7811300008","Department of Housing and Urban Development","HUD","7","Conventional","1","One-to-four family dwelling (other than manufactured housing)","1","Home purchase","1","Not owner-occupied as a principal dwelling","2","170","Preapproval was not requested","2","Loan originated","1","New York, Jersey City, White Plains - NY, NJ","35614","New Jersey","NJ","34","Ocean County","29","7225.00","Not Hispanic or Latino","2","No co-applicant","5","White","5","","","","","","","","","No co-applicant","8","","","","","","","","","Male","1","No co-applicant","5","292","Fannie Mae (FNMA)","1","","","","","","","","Not a HOEPA loan","2","Secured by a first lien","1","","","","1157","2.8499999046325684","73700","139.5399932861328","647","3880",""
"2017","56-2237729","Department of Housing and Urban Development","HUD","7","Conventional","1","One-to-four family dwelling (other than manufactured housing)","1","Home purchase","1","Owner-occupied as a principal dwelling","1","368","Not applicable","3","Application denied by financial institution","3","","","New Jersey","NJ","34","","","","Information not provided by applicant in mail, Internet, or telephone application","3","No co-applicant","5","Information not provided by applicant in mail, Internet, or telephone application","6","","","","","","","","","No co-applicant","8","","","","","","","","","Information not provided by applicant in mail, Internet, or telephone application","3","No co-applicant","5","133","Loan was not originated or was not sold in calendar year covered by register","0","","","","","","","","Not a HOEPA loan","2","Secured by a first lien","1","","","","","","","","","",""
"2017","41-1795868","Department of Housing and Urban Development","HUD","7","Conventional","1","One-to-four family dwelling (other than manufactured housing)","1","Refinancing","3","Owner-occupied as a principal dwelling","1","314","Not applicable","3","Loan originated","1","Allentown, Bethlehem, Easton - PA, NJ","10900","New Jersey","NJ","34","Warren County","41","0322.00","Information not provided by applicant in mail, Internet, or telephone application","3","Information not provided by applicant in mail, Internet, or telephone application","3","Information not provided by applicant in mail, Internet, or telephone application","6","","","","","","","","","Information not provided by applicant in mail, Internet, or telephone application","6","","","","","","","","","Female","2","Male","1","80","Fannie Mae (FNMA)","1","","","","","","","","Not a HOEPA loan","2","Secured by a first lien","1","","","","8183","17.18000030517578","75200","130.24000549316406","2232","2448",""
"2017","7851800005","Department of Housing and Urban Development","HUD","7","Conventional","1","One-to-four family dwelling (other than manufactured housing)","1","Home improvement","2","Owner-occupied as a principal dwelling","1","388","Not applicable","3","Loan originated","1","Camden - NJ","15804","New Jersey","NJ","34","Gloucester County","15","5020.02","Not Hispanic or Latino","2","No co-applicant","5","White","5","","","","","","","","","No co-applicant","8","","","","","","","","","Male","1","No co-applicant","5","223","Other type of purchaser","9","","","","","","","","Not a HOEPA loan","2","Secured by a first lien","1","","","","7320","13.220000267028809","91500","142.60000610351562","2189","2361",""
"2017","80-0743699","Department of Housing and Urban Development","HUD","7","FHA-insured","2","One-to-four family dwelling (other than manufactured housing)","1","Home purchase","1","Owner-occupied as a principal dwelling","1","88","Preapproval was not requested","2","File closed for incompleteness","5","","","New Jersey","NJ","34","","","","Information not provided by applicant in mail, Internet, or telephone application","3","No co-applicant","5","Information not provided by applicant in mail, Internet, or telephone application","6","","","","","","","","","No co-applicant","8","","","","","","","","","Information not provided by applicant in mail, Internet, or telephone application","3","No co-applicant","5","50","Loan was not originated or was not sold in calendar year covered by register","0","","","","","","","","Not a HOEPA loan","2","Secured by a first lien","1","","","","","","","","","",""
"2017","26-2053389","Department of Housing and Urban Development","HUD","7","FHA-insured","2","One-to-four family dwelling (other than manufactured housing)","1","Home purchase","1","Owner-occupied as a principal dwelling","1","391","Preapproval was not requested","2","Loan originated","1","Newark - NJ, PA","35084","New Jersey","NJ","34","Somerset County","35","0534.04","Not Hispanic or Latino","2","No co-applicant","5","Black or African American","3","","","","","","","","","No co-applicant","8","","","","","","","","","Male","1","No co-applicant","5","98","Other type of purchaser","9","","","","","","","","Not a HOEPA loan","2","Secured by a first lien","1","","","","11536","75.41999816894531","99800","112.69999694824219","1918","2800",""
"2017","0000339858","Consumer Financial Protection Bureau","CFPB","9","Conventional","1","One-to-four family dwelling (other than manufactured housing)","1","Refinancing","3","Not owner-occupied as a principal dwelling","2","268","Not applicable","3","Application denied by financial institution","3","Newark - NJ, PA","35084","New Jersey","NJ","34","Morris County","27","0439.00","Hispanic or Latino","1","No co-applicant","5","White","5","","","","","","","","","No co-applicant","8","","","","","","","","","Female","2","No co-applicant","5","155","Loan was not originated or was not sold in calendar year covered by register","0","Collateral","4","Insufficient cash (downpayment, closing costs)","5","","","","Not a HOEPA loan","2","Secured by a first lien","1","","","","4633","10.600000381469727","99800","198.35000610351562","1663","1545",""
"2017","80-0743699","Department of Housing and Urban Development","HUD","7","FHA-insured","2","One-to-four family dwelling (other than manufactured housing)","1","Home purchase","1","Owner-occupied as a principal dwelling","1","150","Preapproval was not requested","2","File closed for incompleteness","5","","","New Jersey","NJ","34","","","","Information not provided by applicant in mail, Internet, or telephone application","3","No co-applicant","5","Information not provided by applicant in mail, Internet, or telephone application","6","","","","","","","","","No co-applicant","8","","","","","","","","","Information not provided by applicant in mail, Internet, or telephone application","3","No co-applicant","5","49","Loan was not originated or was not sold in calendar year covered by register","0","","","","","","","","Not a HOEPA loan","2","Secured by a first lien","1","","","","","","","","","",""
"2017","22-3603829","Department of Housing and Urban Development","HUD","7","FHA-insured","2","One-to-four family dwelling (other than manufactured housing)","1","Home purchase","1","Owner-occupied as a principal dwelling","1","176","Not applicable","3","Loan originated","1","Allentown, Bethlehem, Easton - PA, NJ","10900","New Jersey","NJ","34","Warren County","41","0322.00","Information not provided by applicant in mail, Internet, or telephone application","3","No co-applicant","5","Information not provided by applicant in mail, Internet, or telephone application","6","","","","","","","","","No co-applicant","8","","","","","","","","","Male","1","No co-applicant","5","1","Life insurance company, credit union, mortgage bank, or finance company","7","","","","","","","","Not a HOEPA loan","2","Secured by a first lien","1","","","","8183","17.18000030517578","75200","130.24000549316406","2232","2448",""
"2017","0000112837","Consumer Financial Protection Bureau","CFPB","9","FHA-insured","2","One-to-four family dwelling (other than manufactured housing)","1","Refinancing","3","Owner-occupied as a principal dwelling","1","392","Not applicable","3","Loan purchased by the institution","6","New York, Jersey City, White Plains - NY, NJ","35614","New Jersey","NJ","34","Hudson County","17","0048.00","Not applicable","4","Not applicable","4","Not applicable","7","","","","","","","","","Not applicable","7","","","","","","","","","Not applicable","4","Not applicable","4","","Private securitization","5","","","","","","","","Not a HOEPA loan","2","Not applicable","4","","","","4410","80.5199966430664","73700","76.8499984741211","625","1358",""
"2017","80-0743699","Department of Housing and Urban Development","HUD","7","FHA-insured","2","One-to-four family dwelling (other than manufactured housing)","1","Home purchase","1","Owner-occupied as a principal dwelling","1","271","Preapproval was not requested","2","Application withdrawn by applicant","4","","","New Jersey","NJ","34","","","","Information not provided by applicant in mail, Internet, or telephone application","3","Information not provided by applicant in mail, Internet, or telephone application","3","Information not provided by applicant in mail, Internet, or telephone application","6","","","","","","","","","Information not provided by applicant in mail, Internet, or telephone application","6","","","","","","","","","Information not provided by applicant in mail, Internet, or telephone application","3","Information not provided by applicant in mail, Internet, or telephone application","3","83","Loan was not originated or was not sold in calendar year covered by register","0","","","","","","","","Not a HOEPA loan","2","Secured by a first lien","1","","","","","","","","","",""
"2017","26-3943038","Department of Housing and Urban Development","HUD","7","Conventional","1","One-to-four family dwelling (other than manufactured housing)","1","Home purchase","1","Owner-occupied as a principal dwelling","1","530","Not applicable","3","Loan originated","1","New York, Jersey City, White Plains - NY, NJ","35614","New Jersey","NJ","34","Ocean County","29","7221.00","Not Hispanic or Latino","2","No co-applicant","5","White","5","","","","","","","","","No co-applicant","8","","","","","","","","","Male","1","No co-applicant","5","134","Commercial bank, savings bank or savings association","6","","","","","","","","Not a HOEPA loan","2","Secured by a first lien","1","","","","6293","18.31999969482422","73700","127.73999786376953","2261","2558",""
"2017","75-2921540","Department of Housing and Urban Development","HUD","7","Conventional","1","One-to-four family dwelling (other than manufactured housing)","1","Refinancing","3","Owner-occupied as a principal dwelling","1","175","Not applicable","3","Loan originated","1","Newark - NJ, PA","35084","New Jersey","NJ","34","Morris County","27","0401.02","Not Hispanic or Latino","2","No co-applicant","5","White","5","","","","","","","","","No co-applicant","8","","","","","","","","","Female","2","No co-applicant","5","84","Freddie Mac (FHLMC)","3","","","","","","","","Not a HOEPA loan","2","Secured by a first lien","1","","","","6241","19.639999389648438","99800","92.72000122070312","1960","2050",""
"2017","80-0743699","Department of Housing and Urban Development","HUD","7","FHA-insured","2","One-to-four family dwelling (other than manufactured housing)","1","Home purchase","1","Owner-occupied as a principal dwelling","1","69","Preapproval was not requested","2","Application withdrawn by applicant","4","","","New Jersey","NJ","34","","","","Information not provided by applicant in mail, Internet, or telephone application","3","No co-applicant","5","Information not provided by applicant in mail, Internet, or telephone application","6","","","","","","","","","No co-applicant","8","","","","","","","","","Information not provided by applicant in mail, Internet, or telephone application","3","No co-applicant","5","65","Loan was not originated or was not sold in calendar year covered by register","0","","","","","","","","Not a HOEPA loan","2","Secured by a first lien","1","","","","","","","","","",""
"2017","22-3603829","Department of Housing and Urban Development","HUD","7","FSA/RHS-guaranteed","4","One-to-four family dwelling (other than manufactured housing)","1","Home purchase","1","Owner-occupied as a principal dwelling","1","265","Preapproval was not requested","2","Loan originated","1","Allentown, Bethlehem, Easton - PA, NJ","10900","New Jersey","NJ","34","Warren County","41","0322.00","Hispanic or Latino","1","No co-applicant","5","Information not provided by applicant in mail, Internet, or telephone application","6","","","","","","","","","No co-applicant","8","","","","","","","","","Male","1","No co-applicant","5","82","Life insurance company, credit union, mortgage bank, or finance company","7","","","","","","","","Not a HOEPA loan","2","Secured by a first lien","1","","","","8183","17.18000030517578","75200","130.24000549316406","2232","2448",""
"2017","26-4599244","Department of Housing and Urban Development","HUD","7","Conventional","1","One-to-four family dwelling (other than manufactured housing)","1","Home purchase","1","Owner-occupied as a principal dwelling","1","560","Not applicable","3","Loan originated","1","New York, Jersey City, White Plains - NY, NJ","35614","New Jersey","NJ","34","Hudson County","17","0186.00","Not Hispanic or Latino","2","Not Hispanic or Latino","2","White","5","","","","","","","","","White","5","","","","","","","","","Female","2","Male","1","176","Commercial bank, savings bank or savings association","6","","","","","","","","Not a HOEPA loan","2","Secured by a first lien","1","","","","2406","29.219999313354492","73700","170.02000427246094","366","717",""
"2017","80-0743699","Department of Housing and Urban Development","HUD","7","Conventional","1","One-to-four family dwelling (other than manufactured housing)","1","Home purchase","1","Owner-occupied as a principal dwelling","1","360","Preapproval was not requested","2","Application withdrawn by applicant","4","","","New Jersey","NJ","34","","","","Information not provided by applicant in mail, Internet, or telephone application","3","No co-applicant","5","Information not provided by applicant in mail, Internet, or telephone application","6","","","","","","","","","No co-applicant","8","","","","","","","","","Information not provided by applicant in mail, Internet, or telephone application","3","No co-applicant","5","88","Loan was not originated or was not sold in calendar year covered by register","0","","","","","","","","Not a HOEPA loan","2","Secured by a first lien","1","","","","","","","","","",""
"2017","76-0503625","Department of Housing and Urban Development","HUD","7","Conventional","1","One-to-four family dwelling (other than manufactured housing)","1","Home purchase","1","Not owner-occupied as a principal dwelling","2","424","Preapproval was not requested","2","Loan originated","1","New York, Jersey City, White Plains - NY, NJ","35614","New Jersey","NJ","34","Ocean County","29","7351.03","Not Hispanic or Latino","2","Not Hispanic or Latino","2","White","5","","","","","","","","","White","5","","","","","","","","","Male","1","Female","2","201","Fannie Mae (FNMA)","1","","","","","","","","Not a HOEPA loan","2","Secured by a first lien","1","","","","4356","6.519999980926514","73700","116.95999908447266","1641","4626",""
"2017","54-1870627","Department of Housing and Urban Development","HUD","7","Conventional","1","One-to-four family dwelling (other than manufactured housing)","1","Home improvement","2","Not owner-occupied as a principal dwelling","2","185","Not applicable","3","Application withdrawn by applicant","4","New York, Jersey City, White Plains - NY, NJ","35614","New Jersey","NJ","34","Ocean County","29","7280.00","Not Hispanic or Latino","2","Not Hispanic or Latino","2","White","5","","","","","","","","","White","5","","","","","","","","","Female","2","Male","1","278","Loan was not originated or was not sold in calendar year covered by register","0","","","","","","","","Not a HOEPA loan","2","Secured by a first lien","1","","","","5403","23.540000915527344","73700","88.62000274658203","1278","6179",""
"2017","80-0743699","Department of Housing and Urban Development","HUD","7","FHA-insured","2","One-to-four family dwelling (other than manufactured housing)","1","Home purchase","1","Owner-occupied as a principal dwelling","1","135","Preapproval was not requested","2","File closed for incompleteness","5","","","New Jersey","NJ","34","","","","Information not provided by applicant in mail, Internet, or telephone application","3","No co-applicant","5","Information not provided by applicant in mail, Internet, or telephone application","6","","","","","","","","","No co-applicant","8","","","","","","","","","Information not provided by applicant in mail, Internet, or telephone application","3","No co-applicant","5","","Loan was not originated or was not sold in calendar year covered by register","0","","","","","","","","Not a HOEPA loan","2","Secured by a first lien","1","","","","","","","","","",""
"2017","7197000003","Department of Housing and Urban Development","HUD","7","Conventional","1","One-to-four family dwelling (other than manufactured housing)","1","Refinancing","3","Owner-occupied as a principal dwelling","1","157","Not applicable","3","Loan originated","1","Allentown, Bethlehem, Easton - PA, NJ","10900","New Jersey","NJ","34","Warren County","41","0321.02","Information not provided by applicant in mail, Internet, or telephone application","3","No co-applicant","5","Information not provided by applicant in mail, Internet, or telephone application","6","","","","","","","","","No co-applicant","8","","","","","","","","","Information not provided by applicant in mail, Internet, or telephone application","3","No co-applicant","5","159","Fannie Mae (FNMA)","1","","","","","","","","Not a HOEPA loan","2","Secured by a first lien","1","","","","5580","17.059999465942383","75200","158.88999938964844","1564","1863",""
"2017","0000027552","Federal Deposit Insurance Corporation","FDIC","3","Conventional","1","One-to-four family dwelling (other than manufactured housing)","1","Home purchase","1","Owner-occupied as a principal dwelling","1","360","Not applicable","3","Loan originated","1","New York, Jersey City, White Plains - NY, NJ","35614","New Jersey","NJ","34","Hudson County","17","0198.00","Not Hispanic or Latino","2","No co-applicant","5","White","5","","","","","","","","","No co-applicant","8","","","","","","","","","Male","1","No co-applicant","5","222","Loan was not originated or was not sold in calendar year covered by register","0","","","","","","","02.35","Not a HOEPA loan","2","Secured by a first lien","1","","","","5902","44.93000030517578","73700","122.80999755859375","1653","1933",""
"2017","80-0743699","Department of Housing and Urban Development","HUD","7","Conventional","1","One-to-four family dwelling (other than manufactured housing)","1","Home purchase","1","Owner-occupied as a principal dwelling","1","172","Preapproval was not requested","2","File closed for incompleteness","5","","","New Jersey","NJ","34","","","","Information not provided by applicant in mail, Internet, or telephone application","3","No co-applicant","5","Information not provided by applicant in mail, Internet, or telephone application","6","","","","","","","","","No co-applicant","8","","","","","","","","","Information not provided by applicant in mail, Internet, or telephone application","3","No co-applicant","5","65","Loan was not originated or was not sold in calendar year covered by register","0","","","","","","","","Not a HOEPA loan","2","Secured by a first lien","1","","","","","","","","","",""
"2017","13-6131491","Department of Housing and Urban Development","HUD","7","Conventional","1","One-to-four family dwelling (other than manufactured housing)","1","Home purchase","1","Not owner-occupied as a principal dwelling","2","379","Not applicable","3","Loan purchased by the institution","6","New York, Jersey City, White Plains - NY, NJ","35614","New Jersey","NJ","34","Hudson County","17","0013.00","Not applicable","4","Not applicable","4","Not applicable","7","","","","","","","","","Not applicable","7","","","","","","","","","Not applicable","4","Not applicable","4","","Freddie Mac (FHLMC)","3","","","","","","","","Not a HOEPA loan","2","Not applicable","4","","","","2900","77.06999969482422","73700","75.72000122070312","318","644",""
"2017","7811300008","Department of Housing and Urban Development","HUD","7","FHA-insured","2","One-to-four family dwelling (other than manufactured housing)","1","Home purchase","1","Owner-occupied as a principal dwelling","1","240","Preapproval was not requested","2","Loan originated","1","Newark - NJ, PA","35084","New Jersey","NJ","34","Somerset County","35","0533.00","Information not provided by applicant in mail, Internet, or telephone application","3","No co-applicant","5","Information not provided by applicant in mail, Internet, or telephone application","6","","","","","","","","","No co-applicant","8","","","","","","","","","Information not provided by applicant in mail, Internet, or telephone application","3","No co-applicant","5","64","Ginnie Mae (GNMA)","2","","","","","","","","Not a HOEPA loan","2","Secured by a first lien","1","","","","4350","89.48999786376953","99800","60.22999954223633","726","1226",""
"2017","80-0743699","Department of Housing and Urban Development","HUD","7","FHA-insured","2","One-to-four family dwelling (other than manufactured housing)","1","Home purchase","1","Owner-occupied as a principal dwelling","1","128","Preapproval was not requested","2","Application withdrawn by applicant","4","","","New Jersey","NJ","34","","","","Information not provided by applicant in mail, Internet, or telephone application","3","No co-applicant","5","Information not provided by applicant in mail, Internet, or telephone application","6","","","","","","","","","No co-applicant","8","","","","","","","","","Information not provided by applicant in mail, Internet, or telephone application","3","No co-applicant","5","90","Loan was not originated or was not sold in calendar year covered by register","0","","","","","","","","Not a HOEPA loan","2","Secured by a first lien","1","","","","","","","","","",""
"2017","7197000003","Department of Housing and Urban Development","HUD","7","Conventional","1","One-to-four family dwelling (other than manufactured housing)","1","Refinancing","3","Owner-occupied as a principal dwelling","1","304","Not applicable","3","Loan originated","1","Allentown, Bethlehem, Easton - PA, NJ","10900","New Jersey","NJ","34","Warren County","41","0321.02","Information not provided by applicant in mail, Internet, or telephone application","3","Information not provided by applicant in mail, Internet, or telephone application","3","Information not provided by applicant in mail, Internet, or telephone application","6","","","","","","","","","Information not provided by applicant in mail, Internet, or telephone application","6","","","","","","","","","Information not provided by applicant in mail, Internet, or telephone application","3","Information not provided by applicant in mail, Internet, or telephone application","3","92","Freddie Mac (FHLMC)","3","","","","","","","","Not a HOEPA loan","2","Secured by a first lien","1","","","","5580","17.059999465942383","75200","158.88999938964844","1564","1863",""
"2017","0000451965","Consumer Financial Protection Bureau","CFPB","9","Conventional","1","One-to-four family dwelling (other than manufactured housing)","1","Home purchase","1","Owner-occupied as a principal dwelling","1","231","Not applicable","3","Loan purchased by the institution","6","Newark - NJ, PA","35084","New Jersey","NJ","34","Hunterdon County","19","0102.00","Not Hispanic or Latino","2","No co-applicant","5","White","5","","","","","","","","","No co-applicant","8","","","","","","","","","Male","1","No co-applicant","5","73","Freddie Mac (FHLMC)","3","","","","","","","","Not a HOEPA loan","2","Not applicable","4","","","","7731","5.860000133514404","99800","131.6999969482422","2356","2886",""
"2017","80-0743699","Department of Housing and Urban Development","HUD","7","FHA-insured","2","One-to-four family dwelling (other than manufactured housing)","1","Home purchase","1","Owner-occupied as a principal dwelling","1","112","Preapproval was not requested","2","File closed for incompleteness","5","","","New Jersey","NJ","34","","","","Information not provided by applicant in mail, Internet, or telephone application","3","No co-applicant","5","Information not provided by applicant in mail, Internet, or telephone application","6","","","","","","","","","No co-applicant","8","","","","","","","","","Information not provided by applicant in mail, Internet, or telephone application","3","No co-applicant","5","","Loan was not originated or was not sold in calendar year covered by register","0","","","","","","","","Not a HOEPA loan","2","Secured by a first lien","1","","","","","","","","","",""
"2017","0004186591","Consumer Financial Protection Bureau","CFPB","9","FHA-insured","2","One-to-four family dwelling (other than manufactured housing)","1","Home purchase","1","Owner-occupied as a principal dwelling","1","147","Not applicable","3","Loan purchased by the institution","6","Newark - NJ, PA","35084","New Jersey","NJ","34","Union County","39","0341.00","Not applicable","4","Not applicable","4","Not applicable","7","","","","","","","","","Not applicable","7","","","","","","","","","Not applicable","4","Not applicable","4","","Ginnie Mae (GNMA)","2","","","","","","","","Not a HOEPA loan","2","Not applicable","4","","","","3373","88.13999938964844","99800","74.02999877929688","766","1181",""
"2017","77-0605392","Department of Housing and Urban Development","HUD","7","FHA-insured","2","One-to-four family dwelling (other than manufactured housing)","1","Home purchase","1","Owner-occupied as a principal dwelling","1","344","Preapproval was not requested","2","Loan originated","1","Newark - NJ, PA","35084","New Jersey","NJ","34","Essex County","13","0053.00","Not Hispanic or Latino","2","No co-applicant","5","Black or African American","3","","","","","","","","","No co-applicant","8","","","","","","","","","Male","1","No co-applicant","5","70","Ginnie Mae (GNMA)","2","","","","","","","01.53","Not a HOEPA loan","2","Secured by a first lien","1","","","","2013","97.91000366210938","99800","40.279998779296875","176","889",""
"2017","80-0743699","Department of Housing and Urban Development","HUD","7","FHA-insured","2","One-to-four family dwelling (other than manufactured housing)","1","Home purchase","1","Owner-occupied as a principal dwelling","1","82","Preapproval was not requested","2","File closed for incompleteness","5","","","New Jersey","NJ","34","","","","Information not provided by applicant in mail, Internet, or telephone application","3","No co-applicant","5","Information not provided by applicant in mail, Internet, or telephone application","6","","","","","","","","","No co-applicant","8","","","","","","","","","Information not provided by applicant in mail, Internet, or telephone application","3","No co-applicant","5","300","Loan was not originated or was not sold in calendar year covered by register","0","","","","","","","","Not a HOEPA loan","2","Secured by a first lien","1","","","","","","","","","",""
"2017","0000023521","National Credit Union Administration","NCUA","5","Conventional","1","One-to-four family dwelling (other than manufactured housing)","1","Home purchase","1","Owner-occupied as a principal dwelling","1","371","Not applicable","3","Loan originated","1","Allentown, Bethlehem, Easton - PA, NJ","10900","New Jersey","NJ","34","Warren County","41","0321.02","Information not provided by applicant in mail, Internet, or telephone application","3","No co-applicant","5","Information not provided by applicant in mail, Internet, or telephone application","6","","","","","","","","","No co-applicant","8","","","","","","","","","Information not provided by applicant in mail, Internet, or telephone application","3","No co-applicant","5","108","Loan was not originated or was not sold in calendar year covered by register","0","","","","","","","","Not a HOEPA loan","2","Secured by a first lien","1","","","","5580","17.059999465942383","75200","158.88999938964844","1564","1863",""
"2017","0000480228","Consumer Financial Protection Bureau","CFPB","9","Conventional","1","One-to-four family dwelling (other than manufactured housing)","1","Refinancing","3","Owner-occupied as a principal dwelling","1","249","Not applicable","3","Loan originated","1","New York, Jersey City, White Plains - NY, NJ","35614","New Jersey","NJ","34","Middlesex County","23","0062.03","Not Hispanic or Latino","2","No co-applicant","5","Asian","2","","","","","","","","","No co-applicant","8","","","","","","","","","Male","1","No co-applicant","5","","Freddie Mac (FHLMC)","3","","","","","","","","Not a HOEPA loan","2","Secured by a first lien","1","","","","10193","69.05999755859375","73700","150.30999755859375","1871","2126",""
"2017","80-0743699","Department of Housing and Urban Development","HUD","7","FHA-insured","2","One-to-four family dwelling (other than manufactured housing)","1","Home purchase","1","Owner-occupied as a principal dwelling","1","145","Preapproval was requested","1","File closed for incompleteness","5","","","New Jersey","NJ","34","","","","Information not provided by applicant in mail, Internet, or telephone application","3","Information not provided by applicant in mail, Internet, or telephone application","3","Information not provided by applicant in mail, Internet, or telephone application","6","","","","","","","","","Information not provided by applicant in mail, Internet, or telephone application","6","","","","","","","","","Information not provided by applicant in mail, Internet, or telephone application","3","Information not provided by applicant in mail, Internet, or telephone application","3","","Loan was not originated or was not sold in calendar year covered by register","0","","","","","","","","Not a HOEPA loan","2","Secured by a first lien","1","","","","","","","","","",""
"2017","0000027614","Federal Deposit Insurance Corporation","FDIC","3","Conventional","1","One-to-four family dwelling (other than manufactured housing)","1","Home purchase","1","Owner-occupied as a principal dwelling","1","290","Not applicable","3","Loan originated","1","Trenton - NJ","45940","New Jersey","NJ","34","Mercer County","21","0044.05","Not Hispanic or Latino","2","Not Hispanic or Latino","2","White","5","","","","","","","","","White","5","","","","","","","","","Male","1","Female","2","112","Fannie Mae (FNMA)","1","","","","","","","","Not a HOEPA loan","2","Secured by a first lien","1","","","","7972","53.470001220703125","95400","125.98999786376953","1885","2259",""
"2017","0000497404","Consumer Financial Protection Bureau","CFPB","9","Conventional","1","One-to-four family dwelling (other than manufactured housing)","1","Home purchase","1","Owner-occupied as a principal dwelling","1","599","Not applicable","3","File closed for incompleteness","5","New York, Jersey City, White Plains - NY, NJ","35614","New Jersey","NJ","34","Hudson County","17","0198.00","Not Hispanic or Latino","2","Not Hispanic or Latino","2","Asian","2","","","","","","","","","Asian","2","","","","","","","","","Male","1","Female","2","155","Loan was not originated or was not sold in calendar year covered by register","0","","","","","","","","Not a HOEPA loan","2","Secured by a first lien","1","","","","5902","44.93000030517578","73700","122.80999755859375","1653","1933",""
"2017","80-0743699","Department of Housing and Urban Development","HUD","7","FHA-insured","2","One-to-four family dwelling (other than manufactured housing)","1","Home purchase","1","Owner-occupied as a principal dwelling","1","216","Preapproval was not requested","2","File closed for incompleteness","5","","","New Jersey","NJ","34","","","","Information not provided by applicant in mail, Internet, or telephone application","3","Information not provided by applicant in mail, Internet, or telephone application","3","Information not provided by applicant in mail, Internet, or telephone application","6","","","","","","","","","Information not provided by applicant in mail, Internet, or telephone application","6","","","","","","","","","Information not provided by applicant in mail, Internet, or telephone application","3","Information not provided by applicant in mail, Internet, or telephone application","3","43","Loan was not originated or was not sold in calendar year covered by register","0","","","","","","","","Not a HOEPA loan","2","Secured by a first lien","1","","","","","","","","","",""
"2017","0000817824","Consumer Financial Protection Bureau","CFPB","9","Conventional","1","One-to-four family dwelling (other than manufactured housing)","1","Home purchase","1","Owner-occupied as a principal dwelling","1","307","Preapproval was not requested","2","Loan originated","1","Allentown, Bethlehem, Easton - PA, NJ","10900","New Jersey","NJ","34","Warren County","41","0321.02","Information not provided by applicant in mail, Internet, or telephone application","3","Information not provided by applicant in mail, Internet, or telephone application","3","Information not provided by applicant in mail, Internet, or telephone application","6","","","","","","","","","Information not provided by applicant in mail, Internet, or telephone application","6","","","","","","","","","Male","1","Female","2","172","Loan was not originated or was not sold in calendar year covered by register","0","","","","","","","","Not a HOEPA loan","2","Secured by a first lien","1","","","","5580","17.059999465942383","75200","158.88999938964844","1564","1863",""
"2017","0000451965","Consumer Financial Protection Bureau","CFPB","9","FHA-insured","2","One-to-four family dwelling (other than manufactured housing)","1","Refinancing","3","Owner-occupied as a principal dwelling","1","193","Not applicable","3","Loan purchased by the institution","6","New York, Jersey City, White Plains - NY, NJ","35614","New Jersey","NJ","34","Middlesex County","23","0078.04","Not Hispanic or Latino","2","Not Hispanic or Latino","2","White","5","","","","","","","","","White","5","","","","","","","","","Male","1","Female","2","72","Ginnie Mae (GNMA)","2","","","","","","","","Not a HOEPA loan","2","Not applicable","4","","","","5128","26.579999923706055","73700","139.1300048828125","1432","1679",""
"2017","80-0743699","Department of Housing and Urban Development","HUD","7","FHA-insured","2","One-to-four family dwelling (other than manufactured housing)","1","Home purchase","1","Owner-occupied as a principal dwelling","1","346","Preapproval was not requested","2","File closed for incompleteness","5","","","New Jersey","NJ","34","","","","Information not provided by applicant in mail, Internet, or telephone application","3","No co-applicant","5","Information not provided by applicant in mail, Internet, or telephone application","6","","","","","","","","","No co-applicant","8","","","","","","","","","Information not provided by applicant in mail, Internet, or telephone application","3","No co-applicant","5","67","Loan was not originated or was not sold in calendar year covered by register","0","","","","","","","","Not a HOEPA loan","2","Secured by a first lien","1","","","","","","","","","",""
"2017","46-2738255","Department of Housing and Urban Development","HUD","7","FHA-insured","2","One-to-four family dwelling (other than manufactured housing)","1","Home purchase","1","Owner-occupied as a principal dwelling","1","300","Preapproval was not requested","2","Loan originated","1","New York, Jersey City, White Plains - NY, NJ","35614","New Jersey","NJ","34","Ocean County","29","7175.02","Not Hispanic or Latino","2","Not Hispanic or Latino","2","Asian","2","","","","","","","","","Asian","2","","","","","","","","","Male","1","Female","2","100","Loan was not originated or was not sold in calendar year covered by register","0","","","","","","","01.54","Not a HOEPA loan","2","Secured by a first lien","1","","","","7189","12.210000038146973","73700","136.94000244140625","2554","2770",""
"2017","0000057777","Federal Deposit Insurance Corporation","FDIC","3","Conventional","1","One-to-four family dwelling (other than manufactured housing)","1","Refinancing","3","Not owner-occupied as a principal dwelling","2","107","Not applicable","3","Application denied by financial institution","3","Ocean City - NJ","36140","New Jersey","NJ","34","Cape May County","9","0208.00","Not Hispanic or Latino","2","No co-applicant","5","White","5","","","","","","","","","No co-applicant","8","","","","","","","","","Female","2","No co-applicant","5","103","Loan was not originated or was not sold in calendar year covered by register","0","Collateral","4","","","","","","Not a HOEPA loan","2","Secured by a first lien","1","","","","1788","2.5199999809265137","73400","110.63999938964844","816","5991",""
"2017","80-0743699","Department of Housing and Urban Development","HUD","7","FHA-insured","2","One-to-four family dwelling (other than manufactured housing)","1","Home purchase","1","Owner-occupied as a principal dwelling","1","344","Preapproval was not requested","2","Application withdrawn by applicant","4","","","New Jersey","NJ","34","","","","Information not provided by applicant in mail, Internet, or telephone application","3","No co-applicant","5","Information not provided by applicant in mail, Internet, or telephone application","6","","","","","","","","","No co-applicant","8","","","","","","","","","Information not provided by applicant in mail, Internet, or telephone application","3","No co-applicant","5","87","Loan was not originated or was not sold in calendar year covered by register","0","","","","","","","","Not a HOEPA loan","2","Secured by a first lien","1","","","","","","","","","",""
"2017","20-8745846","Department of Housing and Urban Development","HUD","7","FHA-insured","2","One-to-four family dwelling (other than manufactured housing)","1","Home purchase","1","Owner-occupied as a principal dwelling","1","273","Not applicable","3","Loan originated","1","Allentown, Bethlehem, Easton - PA, NJ","10900","New Jersey","NJ","34","Warren County","41","0321.02","Information not provided by applicant in mail, Internet, or telephone application","3","Information not provided by applicant in mail, Internet, or telephone application","3","Information not provided by applicant in mail, Internet, or telephone application","6","","","","","","","","","Information not provided by applicant in mail, Internet, or telephone application","6","","","","","","","","","Female","2","Male","1","80","Ginnie Mae (GNMA)","2","","","","","","","","Not a HOEPA loan","2","Secured by a first lien","1","","","","5580","17.059999465942383","75200","158.88999938964844","1564","1863",""
"2017","46-3676810","Department of Housing and Urban Development","HUD","7","Conventional","1","One-to-four family dwelling (other than manufactured housing)","1","Home purchase","1","Owner-occupied as a principal dwelling","1","340","Not applicable","3","Loan originated","1","New York, Jersey City, White Plains - NY, NJ","35614","New Jersey","NJ","34","Middlesex County","23","0084.06","Not Hispanic or Latino","2","No co-applicant","5","Asian","2","","","","","","","","","No co-applicant","8","","","","","","","","","Male","1","No co-applicant","5","104","Commercial bank, savings bank or savings association","6","","","","","","","","Not a HOEPA loan","2","Secured by a first lien","1","","","","2110","45.16999816894531","73700","199.52000427246094","655","688",""
"2017","80-0743699","Department of Housing and Urban Development","HUD","7","Conventional","1","One-to-four family dwelling (other than manufactured housing)","1","Home purchase","1","Owner-occupied as a principal dwelling","1","319","Preapproval was not requested","2","File closed for incompleteness","5","","","New Jersey","NJ","34","","","","Information not provided by applicant in mail, Internet, or telephone application","3","Information not provided by applicant in mail, Internet, or telephone application","3","Information not provided by applicant in mail, Internet, or telephone application","6","","","","","","","","","Information not provided by applicant in mail, Internet, or telephone application","6","","","","","","","","","Male","1","Female","2","91","Loan was not originated or was not sold in calendar year covered by register","0","","","","","","","","Not a HOEPA loan","2","Secured by a first lien","1","","","","","","","","","",""
"2017","7568300002","Department of Housing and Urban Development","HUD","7","Conventional","1","One-to-four family dwelling (other than manufactured housing)","1","Home purchase","1","Owner-occupied as a principal dwelling","1","316","Preapproval was not requested","2","Application withdrawn by applicant","4","Camden - NJ","15804","New Jersey","NJ","34","Burlington County","5","7036.00","Not Hispanic or Latino","2","No co-applicant","5","White","5","","","","","","","","","No co-applicant","8","","","","","","","","","Male","1","No co-applicant","5","131","Loan was not originated or was not sold in calendar year covered by register","0","","","","","","","","Not a HOEPA loan","2","Secured by a first lien","1","","","","6991","10.609999656677246","91500","126.61000061035156","2197","2502",""
"2017","0000008663","Federal Deposit Insurance Corporation","FDIC","3","Conventional","1","One-to-four family dwelling (other than manufactured housing)","1","Home purchase","1","Owner-occupied as a principal dwelling","1","225","Not applicable","3","Application withdrawn by applicant","4","Newark - NJ, PA","35084","New Jersey","NJ","34","Morris County","27","0415.00","Not Hispanic or Latino","2","Not Hispanic or Latino","2","White","5","","","","","","","","","White","5","","","","","","","","","Male","1","Female","2","99","Loan was not originated or was not sold in calendar year covered by register","0","","","","","","","","Not a HOEPA loan","2","Secured by a first lien","1","","","","6137","20.209999084472656","99800","133.22999572753906","2012","2231",""
"2017","80-0743699","Department of Housing and Urban Development","HUD","7","Conventional","1","One-to-four family dwelling (other than manufactured housing)","1","Home purchase","1","Owner-occupied as a principal dwelling","1","128","Preapproval was not requested","2","File closed for incompleteness","5","","","New Jersey","NJ","34","","","","Information not provided by applicant in mail, Internet, or telephone application","3","No co-applicant","5","Information not provided by applicant in mail, Internet, or telephone application","6","","","","","","","","","No co-applicant","8","","","","","","","","","Information not provided by applicant in mail, Internet, or telephone application","3","No co-applicant","5","","Loan was not originated or was not sold in calendar year covered by register","0","","","","","","","","Not a HOEPA loan","2","Secured by a first lien","1","","","","","","","","","",""
"2017","0000852218","Consumer Financial Protection Bureau","CFPB","9","Conventional","1","One-to-four family dwelling (other than manufactured housing)","1","Refinancing","3","Owner-occupied as a principal dwelling","1","101","Not applicable","3","Loan originated","1","Allentown, Bethlehem, Easton - PA, NJ","10900","New Jersey","NJ","34","Warren County","41","0321.02","Information not provided by applicant in mail, Internet, or telephone application","3","No co-applicant","5","Information not provided by applicant in mail, Internet, or telephone application","6","","","","","","","","","No co-applicant","8","","","","","","","","","Information not provided by applicant in mail, Internet, or telephone application","3","No co-applicant","5","60","Fannie Mae (FNMA)","1","","","","","","","01.54","Not a HOEPA loan","2","Secured by a first lien","1","","","","5580","17.059999465942383","75200","158.88999938964844","1564","1863",""
"2017","57-1175755","Department of Housing and Urban Development","HUD","7","FHA-insured","2","One-to-four family dwelling (other than manufactured housing)","1","Refinancing","3","Owner-occupied as a principal dwelling","1","249","Not applicable","3","Loan originated","1","New York, Jersey City, White Plains - NY, NJ","35614","New Jersey","NJ","34","Monmouth County","25","8006.02","Not Hispanic or Latino","2","No co-applicant","5","White","5","","","","","","","","","No co-applicant","8","","","","","","","","","Male","1","No co-applicant","5","60","Life insurance company, credit union, mortgage bank, or finance company","7","","","","","","","","Not a HOEPA loan","2","Secured by a first lien","1","","","","3644","10.069999694824219","73700","151.22999572753906","1047","1221",""
"2017","80-0743699","Department of Housing and Urban Development","HUD","7","FHA-insured","2","One-to-four family dwelling (other than manufactured housing)","1","Home purchase","1","Owner-occupied as a principal dwelling","1","241","Not applicable","3","Application withdrawn by applicant","4","","","New Jersey","NJ","34","","","","Information not provided by applicant in mail, Internet, or telephone application","3","No co-applicant","5","Information not provided by applicant in mail, Internet, or telephone application","6","","","","","","","","","No co-applicant","8","","","","","","","","","Information not provided by applicant in mail, Internet, or telephone application","3","No co-applicant","5","70","Loan was not originated or was not sold in calendar year covered by register","0","","","","","","","","Not a HOEPA loan","2","Secured by a first lien","1","","","","","","","","","",""
"2017","7811300008","Department of Housing and Urban Development","HUD","7","FHA-insured","2","One-to-four family dwelling (other than manufactured housing)","1","Refinancing","3","Owner-occupied as a principal dwelling","1","342","Not applicable","3","Loan originated","1","Newark - NJ, PA","35084","New Jersey","NJ","34","Union County","39","0383.00","Not Hispanic or Latino","2","Hispanic or Latino","1","White","5","","","","","","","","","White","5","","","","","","","","","Female","2","Male","1","","Ginnie Mae (GNMA)","2","","","","","","","","Not a HOEPA loan","2","Secured by a first lien","1","","","","6832","12.399999618530273","99800","158.69000244140625","2126","2355",""
"2017","22-3048514","Department of Housing and Urban Development","HUD","7","Conventional","1","One-to-four family dwelling (other than manufactured housing)","1","Home purchase","1","Owner-occupied as a principal dwelling","1","534","Not applicable","3","Application denied by financial institution","3","Newark - NJ, PA","35084","New Jersey","NJ","34","Hunterdon County","19","0101.00","Information not provided by applicant in mail, Internet, or telephone application","3","Information not provided by applicant in mail, Internet, or telephone application","3","Information not provided by applicant in mail, Internet, or telephone application","6","","","","","","","","","Information not provided by applicant in mail, Internet, or telephone application","6","","","","","","","","","Male","1","Female","2","347","Loan was not originated or was not sold in calendar year covered by register","0","","","","","","","","Not a HOEPA loan","2","Secured by a first lien","1","","","","5921","10.739999771118164","99800","174.57000732421875","2073","2493",""
"2017","80-0743699","Department of Housing and Urban Development","HUD","7","FHA-insured","2","One-to-four family dwelling (other than manufactured housing)","1","Home purchase","1","Owner-occupied as a principal dwelling","1","200","Preapproval was not requested","2","File closed for incompleteness","5","","","New Jersey","NJ","34","","","","Information not provided by applicant in mail, Internet, or telephone application","3","No co-applicant","5","Information not provided by applicant in mail, Internet, or telephone application","6","","","","","","","","","No co-applicant","8","","","","","","","","","Information not provided by applicant in mail, Internet, or telephone application","3","No co-applicant","5","73","Loan was not originated or was not sold in calendar year covered by register","0","","","","","","","","Not a HOEPA loan","2","Secured by a first lien","1","","","","","","","","","",""
"2017","0000497404","Consumer Financial Protection Bureau","CFPB","9","Conventional","1","One-to-four family dwelling (other than manufactured housing)","1","Home purchase","1","Owner-occupied as a principal dwelling","1","404","Not applicable","3","Loan originated","1","Allentown, Bethlehem, Easton - PA, NJ","10900","New Jersey","NJ","34","Warren County","41","0321.02","Information not provided by applicant in mail, Internet, or telephone application","3","No co-applicant","5","Information not provided by applicant in mail, Internet, or telephone application","6","","","","","","","","","No co-applicant","8","","","","","","","","","Male","1","No co-applicant","5","181","Loan was not originated or was not sold in calendar year covered by register","0","","","","","","","","Not a HOEPA loan","2","Secured by a first lien","1","","","","5580","17.059999465942383","75200","158.88999938964844","1564","1863",""
"2017","22-3039688","Department of Housing and Urban Development","HUD","7","Conventional","1","One-to-four family dwelling (other than manufactured housing)","1","Home purchase","1","Not owner-occupied as a principal dwelling","2","74","Not applicable","3","Loan originated","1","New York, Jersey City, White Plains - NY, NJ","35614","New Jersey","NJ","34","Monmouth County","25","8017.00","Not Hispanic or Latino","2","Not Hispanic or Latino","2","White","5","","","","","","","","","White","5","","","","","","","","","Male","1","Female","2","183","Fannie Mae (FNMA)","1","","","","","","","","Not a HOEPA loan","2","Secured by a first lien","1","","","","4324","29.3700008392334","73700","78.33999633789062","759","1821",""
"2017","80-0743699","Department of Housing and Urban Development","HUD","7","Conventional","1","One-to-four family dwelling (other than manufactured housing)","1","Home purchase","1","Owner-occupied as a principal dwelling","1","104","Preapproval was not requested","2","File closed for incompleteness","5","","","New Jersey","NJ","34","","","","Information not provided by applicant in mail, Internet, or telephone application","3","No co-applicant","5","Information not provided by applicant in mail, Internet, or telephone application","6","","","","","","","","","No co-applicant","8","","","","","","","","","Information not provided by applicant in mail, Internet, or telephone application","3","No co-applicant","5","58","Loan was not originated or was not sold in calendar year covered by register","0","","","","","","","","Not a HOEPA loan","2","Secured by a first lien","1","","","","","","","","","",""
"2017","0003303298","Consumer Financial Protection Bureau","CFPB","9","Conventional","1","One-to-four family dwelling (other than manufactured housing)","1","Refinancing","3","Not owner-occupied as a principal dwelling","2","120","Not applicable","3","Loan originated","1","New York, Jersey City, White Plains - NY, NJ","35614","New Jersey","NJ","34","Ocean County","29","7361.05","Not Hispanic or Latino","2","Not Hispanic or Latino","2","White","5","","","","","","","","","White","5","","","","","","","","","Female","2","Male","1","126","Freddie Mac (FHLMC)","3","","","","","","","","Not a HOEPA loan","2","Secured by a first lien","1","","","","3123","8.520000457763672","73700","104.7699966430664","1248","3303",""
"2017","75-2921540","Department of Housing and Urban Development","HUD","7","Conventional","1","One-to-four family dwelling (other than manufactured housing)","1","Home purchase","1","Owner-occupied as a principal dwelling","1","110","Not applicable","3","Loan purchased by the institution","6","Newark - NJ, PA","35084","New Jersey","NJ","34","Morris County","27","0455.02","Not applicable","4","Not applicable","4","Not applicable","7","","","","","","","","","Not applicable","7","","","","","","","","","Not applicable","4","Not applicable","4","","Fannie Mae (FNMA)","1","","","","","","","","Not a HOEPA loan","2","Not applicable","4","","","","8552","19.68000030517578","99800","132.63999938964844","2430","2656",""
"2017","80-0743699","Department of Housing and Urban Development","HUD","7","FHA-insured","2","One-to-four family dwelling (other than manufactured housing)","1","Home purchase","1","Owner-occupied as a principal dwelling","1","298","Preapproval was not requested","2","File closed for incompleteness","5","","","New Jersey","NJ","34","","","","Information not provided by applicant in mail, Internet, or telephone application","3","No co-applicant","5","Information not provided by applicant in mail, Internet, or telephone application","6","","","","","","","","","No co-applicant","8","","","","","","","","","Information not provided by applicant in mail, Internet, or telephone application","3","No co-applicant","5","68","Loan was not originated or was not sold in calendar year covered by register","0","","","","","","","","Not a HOEPA loan","2","Secured by a first lien","1","","","","","","","","","",""
"2017","0000817824","Consumer Financial Protection Bureau","CFPB","9","Conventional","1","One-to-four family dwelling (other than manufactured housing)","1","Refinancing","3","Owner-occupied as a principal dwelling","1","248","Not applicable","3","Loan originated","1","Allentown, Bethlehem, Easton - PA, NJ","10900","New Jersey","NJ","34","Warren County","41","0321.02","Information not provided by applicant in mail, Internet, or telephone application","3","Information not provided by applicant in mail, Internet, or telephone application","3","Information not provided by applicant in mail, Internet, or telephone application","6","","","","","","","","","Information not provided by applicant in mail, Internet, or telephone application","6","","","","","","","","","Male","1","Female","2","93","Fannie Mae (FNMA)","1","","","","","","","","Not a HOEPA loan","2","Secured by a first lien","1","","","","5580","17.059999465942383","75200","158.88999938964844","1564","1863",""
"2017","0000480228","Consumer Financial Protection Bureau","CFPB","9","Conventional","1","One-to-four family dwelling (other than manufactured housing)","1","Refinancing","3","Owner-occupied as a principal dwelling","1","325","Not applicable","3","Loan originated","1","New York, Jersey City, White Plains - NY, NJ","35614","New Jersey","NJ","34","Monmouth County","25","8089.00","Not Hispanic or Latino","2","Not Hispanic or Latino","2","White","5","","","","","","","","","White","5","","","","","","","","","Male","1","Female","2","152","Freddie Mac (FHLMC)","3","","","","","","","","Not a HOEPA loan","2","Secured by a first lien","1","","","","4683","9.119999885559082","73700","131.02000427246094","1283","1930",""
"2017","0000020068","National Credit Union Administration","NCUA","5","Conventional","1","One-to-four family dwelling (other than manufactured housing)","1","Home purchase","1","Owner-occupied as a principal dwelling","1","124","Not applicable","3","Application withdrawn by applicant","4","","","New Jersey","NJ","34","","","","Information not provided by applicant in mail, Internet, or telephone application","3","No co-applicant","5","Information not provided by applicant in mail, Internet, or telephone application","6","","","","","","","","","No co-applicant","8","","","","","","","","","Information not provided by applicant in mail, Internet, or telephone application","3","No co-applicant","5","1","Loan was not originated or was not sold in calendar year covered by register","0","","","","","","","","Not a HOEPA loan","2","Secured by a first lien","1","","","","","","","","","",""
"2017","20-8921389","Department of Housing and Urban Development","HUD","7","Conventional","1","One-to-four family dwelling (other than manufactured housing)","1","Refinancing","3","Owner-occupied as a principal dwelling","1","252","Not applicable","3","Loan purchased by the institution","6","Atlantic City, Hammonton - NJ","12100","New Jersey","NJ","34","Atlantic County","1","0108.00","Not applicable","4","Not applicable","4","Not applicable","7","","","","","","","","","Not applicable","7","","","","","","","","","Not applicable","4","Not applicable","4","143","Fannie Mae (FNMA)","1","","","","","","","","Not a HOEPA loan","2","Not applicable","4","","","","3304","21.700000762939453","67200","101.66999816894531","767","1126",""
"2017","0000057777","Federal Deposit Insurance Corporation","FDIC","3","Conventional","1","One-to-four family dwelling (other than manufactured housing)","1","Home purchase","1","Not owner-occupied as a principal dwelling","2","243","Not applicable","3","Loan originated","1","Ocean City - NJ","36140","New Jersey","NJ","34","Cape May County","9","0216.00","Not Hispanic or Latino","2","Not Hispanic or Latino","2","White","5","","","","","","","","","White","5","","","","","","","","","Male","1","Female","2","130","Commercial bank, savings bank or savings association","6","","","","","","","","Not a HOEPA loan","2","Secured by a first lien","1","","","","3227","8.489999771118164","73400","90.02999877929688","1127","4621",""
"2017","80-0743699","Department of Housing and Urban Development","HUD","7","Conventional","1","One-to-four family dwelling (other than manufactured housing)","1","Home purchase","1","Owner-occupied as a principal dwelling","1","80","Preapproval was not requested","2","File closed for incompleteness","5","","","New Jersey","NJ","34","","","","Information not provided by applicant in mail, Internet, or telephone application","3","No co-applicant","5","Information not provided by applicant in mail, Internet, or telephone application","6","","","","","","","","","No co-applicant","8","","","","","","","","","Information not provided by applicant in mail, Internet, or telephone application","3","No co-applicant","5","12","Loan was not originated or was not sold in calendar year covered by register","0","","","","","","","","Not a HOEPA loan","2","Secured by a first lien","1","","","","","","","","","",""
"2017","0000619877","Consumer Financial Protection Bureau","CFPB","9","VA-guaranteed","3","One-to-four family dwelling (other than manufactured housing)","1","Home purchase","1","Owner-occupied as a principal dwelling","1","187","Not applicable","3","Loan originated","1","Allentown, Bethlehem, Easton - PA, NJ","10900","New Jersey","NJ","34","Warren County","41","0321.01","Information not provided by applicant in mail, Internet, or telephone application","3","No co-applicant","5","Information not provided by applicant in mail, Internet, or telephone application","6","","","","","","","","","No co-applicant","8","","","","","","","","","Information not provided by applicant in mail, Internet, or telephone application","3","No co-applicant","5","84","Ginnie Mae (GNMA)","2","","","","","","","","Not a HOEPA loan","2","Secured by a first lien","1","","","","3118","5.550000190734863","75200","141.9600067138672","1012","1190",""
"2017","0000497404","Consumer Financial Protection Bureau","CFPB","9","Conventional","1","One-to-four family dwelling (other than manufactured housing)","1","Home purchase","1","Not owner-occupied as a principal dwelling","2","470","Not applicable","3","Loan originated","1","New York, Jersey City, White Plains - NY, NJ","35614","New Jersey","NJ","34","Monmouth County","25","8094.00","Not Hispanic or Latino","2","No co-applicant","5","White","5","","","","","","","","","No co-applicant","8","","","","","","","","","Male","1","No co-applicant","5","600","Loan was not originated or was not sold in calendar year covered by register","0","","","","","","","","Not a HOEPA loan","2","Secured by a first lien","1","","","","4769","8.640000343322754","73700","198.2899932861328","1686","2108",""
"2017","80-0743699","Department of Housing and Urban Development","HUD","7","FHA-insured","2","One-to-four family dwelling (other than manufactured housing)","1","Home purchase","1","Owner-occupied as a principal dwelling","1","162","Preapproval was not requested","2","Application withdrawn by applicant","4","","","New Jersey","NJ","34","","","","Information not provided by applicant in mail, Internet, or telephone application","3","No co-applicant","5","Native Hawaiian or Other Pacific Islander","4","","","","","","","","","No co-applicant","8","","","","","","","","","Information not provided by applicant in mail, Internet, or telephone application","3","No co-applicant","5","43","Loan was not originated or was not sold in calendar year covered by register","0","","","","","","","","Not a HOEPA loan","2","Secured by a first lien","1","","","","","","","","","",""
"2017","0000497404","Consumer Financial Protection Bureau","CFPB","9","FHA-insured","2","One-to-four family dwelling (other than manufactured housing)","1","Home purchase","1","Owner-occupied as a principal dwelling","1","141","Not applicable","3","Loan purchased by the institution","6","Camden - NJ","15804","New Jersey","NJ","34","Gloucester County","15","5016.03","Not applicable","4","Not applicable","4","Not applicable","7","","","","","","","","","Not applicable","7","","","","","","","","","Not applicable","4","Not applicable","4","74","Life insurance company, credit union, mortgage bank, or finance company","7","","","","","","","","Not a HOEPA loan","2","Not applicable","4","","","","6463","22.84000015258789","91500","79.97000122070312","2011","2488",""
"2017","27-4023565","Department of Housing and Urban Development","HUD","7","Conventional","1","One-to-four family dwelling (other than manufactured housing)","1","Refinancing","3","Owner-occupied as a principal dwelling","1","227","Not applicable","3","Loan originated","1","New York, Jersey City, White Plains - NY, NJ","35614","New Jersey","NJ","34","Middlesex County","23","0082.08","Not Hispanic or Latino","2","No co-applicant","5","White","5","","","","","","","","","No co-applicant","8","","","","","","","","","Male","1","No co-applicant","5","56","Fannie Mae (FNMA)","1","","","","","","","","Not a HOEPA loan","2","Secured by a first lien","1","","","","12912","38.31999969482422","73700","212.6699981689453","3439","3510",""
"2017","80-0743699","Department of Housing and Urban Development","HUD","7","FSA/RHS-guaranteed","4","One-to-four family dwelling (other than manufactured housing)","1","Home purchase","1","Owner-occupied as a principal dwelling","1","235","Preapproval was not requested","2","File closed for incompleteness","5","","","New Jersey","NJ","34","","","","Information not provided by applicant in mail, Internet, or telephone application","3","No co-applicant","5","Information not provided by applicant in mail, Internet, or telephone application","6","","","","","","","","","No co-applicant","8","","","","","","","","","Information not provided by applicant in mail, Internet, or telephone application","3","No co-applicant","5","48","Loan was not originated or was not sold in calendar year covered by register","0","","","","","","","","Not a HOEPA loan","2","Secured by a first lien","1","","","","","","","","","",""
"2017","0000817824","Consumer Financial Protection Bureau","CFPB","9","Conventional","1","One-to-four family dwelling (other than manufactured housing)","1","Refinancing","3","Owner-occupied as a principal dwelling","1","167","Not applicable","3","Loan originated","1","Allentown, Bethlehem, Easton - PA, NJ","10900","New Jersey","NJ","34","Warren County","41","0320.00","Information not provided by applicant in mail, Internet, or telephone application","3","No co-applicant","5","Information not provided by applicant in mail, Internet, or telephone application","6","","","","","","","","","No co-applicant","8","","","","","","","","","Male","1","No co-applicant","5","104","Fannie Mae (FNMA)","1","","","","","","","","Not a HOEPA loan","2","Secured by a first lien","1","","","","6466","25.049999237060547","75200","113.41999816894531","1379","2398",""
"2017","0000722777","Consumer Financial Protection Bureau","CFPB","9","Conventional","1","One-to-four family dwelling (other than manufactured housing)","1","Refinancing","3","Owner-occupied as a principal dwelling","1","190","Not applicable","3","Loan originated","1","New York, Jersey City, White Plains - NY, NJ","35614","New Jersey","NJ","34","Monmouth County","25","8125.02","Not Hispanic or Latino","2","Not Hispanic or Latino","2","White","5","","","","","","","","","White","5","","","","","","","","","Male","1","Female","2","261","Fannie Mae (FNMA)","1","","","","","","","","Not a HOEPA loan","2","Secured by a first lien","1","","","","5506","18.110000610351562","73700","206.00999450683594","1511","1677",""
"2017","80-0743699","Department of Housing and Urban Development","HUD","7","FHA-insured","2","One-to-four family dwelling (other than manufactured housing)","1","Home purchase","1","Owner-occupied as a principal dwelling","1","506","Preapproval was not requested","2","File closed for incompleteness","5","","","New Jersey","NJ","34","","","","Information not provided by applicant in mail, Internet, or telephone application","3","No co-applicant","5","Information not provided by applicant in mail, Internet, or telephone application","6","","","","","","","","","No co-applicant","8","","","","","","","","","Information not provided by applicant in mail, Internet, or telephone application","3","No co-applicant","5","156","Loan was not originated or was not sold in calendar year covered by register","0","","","","","","","","Not a HOEPA loan","2","Secured by a first lien","1","","","","","","","","","",""
"2017","0002712969","Consumer Financial Protection Bureau","CFPB","9","Conventional","1","One-to-four family dwelling (other than manufactured housing)","1","Home purchase","1","Owner-occupied as a principal dwelling","1","207","Not applicable","3","Loan purchased by the institution","6","New York, Jersey City, White Plains - NY, NJ","35614","New Jersey","NJ","34","Ocean County","29","7174.00","Not applicable","4","No co-applicant","5","Not applicable","7","","","","","","","","","No co-applicant","8","","","","","","","","","Not applicable","4","No co-applicant","5","","Freddie Mac (FHLMC)","3","","","","","","","","Not a HOEPA loan","2","Not applicable","4","","","","5401","22.049999237060547","73700","138.49000549316406","1625","2165",""
"2017","0000451965","Consumer Financial Protection Bureau","CFPB","9","Conventional","1","One-to-four family dwelling (other than manufactured housing)","1","Refinancing","3","Not owner-occupied as a principal dwelling","2","390","Not applicable","3","Application withdrawn by applicant","4","New York, Jersey City, White Plains - NY, NJ","35614","New Jersey","NJ","34","Ocean County","29","7101.00","Not Hispanic or Latino","2","No co-applicant","5","White","5","","","","","","","","","No co-applicant","8","","","","","","","","","Male","1","No co-applicant","5","157","Loan was not originated or was not sold in calendar year covered by register","0","","","","","","","","Not a HOEPA loan","2","Secured by a first lien","1","","","","4604","9.380000114440918","73700","139.39999389648438","1220","2900",""
"2017","80-0743699","Department of Housing and Urban Development","HUD","7","Conventional","1","One-to-four family dwelling (other than manufactured housing)","1","Home purchase","1","Owner-occupied as a principal dwelling","1","300","Preapproval was not requested","2","File closed for incompleteness","5","","","New Jersey","NJ","34","","","","Not Hispanic or Latino","2","Information not provided by applicant in mail, Internet, or telephone application","3","White","5","","","","","","","","","Information not provided by applicant in mail, Internet, or telephone application","6","","","","","","","","","Information not provided by applicant in mail, Internet, or telephone application","3","Information not provided by applicant in mail, Internet, or telephone application","3","102","Loan was not originated or was not sold in calendar year covered by register","0","","","","","","","","Not a HOEPA loan","2","Secured by a first lien","1","","","","","","","","","",""
"2017","0000451965","Consumer Financial Protection Bureau","CFPB","9","Conventional","1","One-to-four family dwelling (other than manufactured housing)","1","Home purchase","1","Owner-occupied as a principal dwelling","1","155","Not applicable","3","Loan originated","1","Allentown, Bethlehem, Easton - PA, NJ","10900","New Jersey","NJ","34","Warren County","41","0320.00","Information not provided by applicant in mail, Internet, or telephone application","3","No co-applicant","5","Information not provided by applicant in mail, Internet, or telephone application","6","","","","","","","","","No co-applicant","8","","","","","","","","","Information not provided by applicant in mail, Internet, or telephone application","3","No co-applicant","5","82","Fannie Mae (FNMA)","1","","","","","","","","Not a HOEPA loan","2","Secured by a first lien","1","","","","6466","25.049999237060547","75200","113.41999816894531","1379","2398",""
"2017","0004186591","Consumer Financial Protection Bureau","CFPB","9","FHA-insured","2","One-to-four family dwelling (other than manufactured housing)","1","Home purchase","1","Owner-occupied as a principal dwelling","1","280","Not applicable","3","Loan purchased by the institution","6","Newark - NJ, PA","35084","New Jersey","NJ","34","Morris County","27","0447.01","Not applicable","4","Not applicable","4","Not applicable","7","","","","","","","","","Not applicable","7","","","","","","","","","Not applicable","4","Not applicable","4","","Ginnie Mae (GNMA)","2","","","","","","","","Not a HOEPA loan","2","Not applicable","4","","","","4875","8.270000457763672","99800","100.62000274658203","1738","2276",""
"2017","80-0743699","Department of Housing and Urban Development","HUD","7","FHA-insured","2","One-to-four family dwelling (other than manufactured housing)","1","Home purchase","1","Owner-occupied as a principal dwelling","1","107","Preapproval was not requested","2","Application denied by financial institution","3","","","New Jersey","NJ","34","","","","Information not provided by applicant in mail, Internet, or telephone application","3","No co-applicant","5","Information not provided by applicant in mail, Internet, or telephone application","6","","","","","","","","","No co-applicant","8","","","","","","","","","Male","1","No co-applicant","5","26","Loan was not originated or was not sold in calendar year covered by register","0","Other","9","","","","","","Not a HOEPA loan","2","Secured by a first lien","1","","","","","","","","","",""
"2017","95-4482547","Department of Housing and Urban Development","HUD","7","Conventional","1","One-to-four family dwelling (other than manufactured housing)","1","Refinancing","3","Owner-occupied as a principal dwelling","1","252","Not applicable","3","Loan originated","1","New York, Jersey City, White Plains - NY, NJ","35614","New Jersey","NJ","34","Middlesex County","23","0061.03","Not Hispanic or Latino","2","No co-applicant","5","Asian","2","","","","","","","","","No co-applicant","8","","","","","","","","","Male","1","No co-applicant","5","105","Loan was not originated or was not sold in calendar year covered by register","0","","","","","","","","Not a HOEPA loan","2","Secured by a first lien","1","","","","5174","70.0199966430664","73700","105.88999938964844","880","1429",""
"2017","75-2921540","Department of Housing and Urban Development","HUD","7","Conventional","1","One-to-four family dwelling (other than manufactured housing)","1","Refinancing","3","Owner-occupied as a principal dwelling","1","123","Not applicable","3","File closed for incompleteness","5","Newark - NJ, PA","35084","New Jersey","NJ","34","Essex County","13","0045.00","Not Hispanic or Latino","2","No co-applicant","5","Black or African American","3","","","","","","","","","No co-applicant","8","","","","","","","","","Female","2","No co-applicant","5","44","Loan was not originated or was not sold in calendar year covered by register","0","","","","","","","","Not a HOEPA loan","2","Secured by a first lien","1","","","","3051","99.44000244140625","99800","59.58000183105469","329","1048",""
"2017","54-1094297","Department of Housing and Urban Development","HUD","7","Conventional","1","One-to-four family dwelling (other than manufactured housing)","1","Home purchase","1","Owner-occupied as a principal dwelling","1","283","Not applicable","3","Loan originated","1","","","New Jersey","NJ","34","","","","Information not provided by applicant in mail, Internet, or telephone application","3","No co-applicant","5","Information not provided by applicant in mail, Internet, or telephone application","6","","","","","","","","","No co-applicant","8","","","","","","","","","Information not provided by applicant in mail, Internet, or telephone application","3","No co-applicant","5","108","Commercial bank, savings bank or savings association","6","","","","","","","","Not a HOEPA loan","2","Secured by a first lien","1","","","","","","","","","",""
"2017","22-3603829","Department of Housing and Urban Development","HUD","7","FHA-insured","2","One-to-four family dwelling (other than manufactured housing)","1","Home purchase","1","Owner-occupied as a principal dwelling","1","250","Not applicable","3","Loan originated","1","Allentown, Bethlehem, Easton - PA, NJ","10900","New Jersey","NJ","34","Warren County","41","0320.00","Not Hispanic or Latino","2","No co-applicant","5","Black or African American","3","","","","","","","","","No co-applicant","8","","","","","","","","","Male","1","No co-applicant","5","69","Life insurance company, credit union, mortgage bank, or finance company","7","","","","","","","01.61","Not a HOEPA loan","2","Secured by a first lien","1","","","","6466","25.049999237060547","75200","113.41999816894531","1379","2398",""
"2017","0000451965","Consumer Financial Protection Bureau","CFPB","9","Conventional","1","One-to-four family dwelling (other than manufactured housing)","1","Refinancing","3","Owner-occupied as a principal dwelling","1","285","Not applicable","3","Loan originated","1","Newark - NJ, PA","35084","New Jersey","NJ","34","Morris County","27","0447.02","Not Hispanic or Latino","2","Hispanic or Latino","1","White","5","","","","","","","","","White","5","","","","","","","","","Male","1","Female","2","125","Freddie Mac (FHLMC)","3","","","","","","","","Not a HOEPA loan","2","Secured by a first lien","1","","","","6019","21.760000228881836","99800","117.77999877929688","1911","2249",""
"2017","80-0743699","Department of Housing and Urban Development","HUD","7","FHA-insured","2","One-to-four family dwelling (other than manufactured housing)","1","Home purchase","1","Owner-occupied as a principal dwelling","1","157","Preapproval was not requested","2","File closed for incompleteness","5","","","New Jersey","NJ","34","","","","Information not provided by applicant in mail, Internet, or telephone application","3","No co-applicant","5","Information not provided by applicant in mail, Internet, or telephone application","6","","","","","","","","","No co-applicant","8","","","","","","","","","Information not provided by applicant in mail, Internet, or telephone application","3","No co-applicant","5","35","Loan was not originated or was not sold in calendar year covered by register","0","","","","","","","","Not a HOEPA loan","2","Secured by a first lien","1","","","","","","","","","",""
"2017","0000022637","National Credit Union Administration","NCUA","5","Conventional","1","One-to-four family dwelling (other than manufactured housing)","1","Home improvement","2","Owner-occupied as a principal dwelling","1","30","Not applicable","3","Loan originated","1","Atlantic City, Hammonton - NJ","12100","New Jersey","NJ","34","Atlantic County","1","0118.04","Not Hispanic or Latino","2","Not Hispanic or Latino","2","White","5","","","","","","","","","White","5","","","","","","","","","Female","2","Male","1","137","Loan was not originated or was not sold in calendar year covered by register","0","","","","","","","","Not a HOEPA loan","2","Secured by a subordinate lien","2","","","","6874","13.6899995803833","67200","144.16000366210938","2180","2669",""
"2017","75-2921540","Department of Housing and Urban Development","HUD","7","Conventional","1","One-to-four family dwelling (other than manufactured housing)","1","Refinancing","3","Owner-occupied as a principal dwelling","1","222","Not applicable","3","File closed for incompleteness","5","Newark - NJ, PA","35084","New Jersey","NJ","34","Morris County","27","0462.98","Not Hispanic or Latino","2","Not Hispanic or Latino","2","White","5","","","","","","","","","White","5","","","","","","","","","Female","2","Male","1","102","Loan was not originated or was not sold in calendar year covered by register","0","","","","","","","","Not a HOEPA loan","2","Secured by a first lien","1","","","","4932","16.790000915527344","99800","146.47000122070312","1587","1761",""
"2017","80-0743699","Department of Housing and Urban Development","HUD","7","Conventional","1","One-to-four family dwelling (other than manufactured housing)","1","Home purchase","1","Owner-occupied as a principal dwelling","1","126","Preapproval was not requested","2","File closed for incompleteness","5","","","New Jersey","NJ","34","","","","Information not provided by applicant in mail, Internet, or telephone application","3","Information not provided by applicant in mail, Internet, or telephone application","3","Information not provided by applicant in mail, Internet, or telephone application","6","","","","","","","","","Information not provided by applicant in mail, Internet, or telephone application","6","","","","","","","","","Information not provided by applicant in mail, Internet, or telephone application","3","Information not provided by applicant in mail, Internet, or telephone application","3","6","Loan was not originated or was not sold in calendar year covered by register","0","","","","","","","","Not a HOEPA loan","2","Secured by a first lien","1","","","","","","","","","",""
"2017","27-2389039","Department of Housing and Urban Development","HUD","7","FHA-insured","2","One-to-four family dwelling (other than manufactured housing)","1","Home purchase","1","Owner-occupied as a principal dwelling","1","285","Preapproval was not requested","2","Loan originated","1","Allentown, Bethlehem, Easton - PA, NJ","10900","New Jersey","NJ","34","Warren County","41","0320.00","Not Hispanic or Latino","2","Not Hispanic or Latino","2","White","5","","","","","","","","","American Indian or Alaska Native","1","","","","","","","","","Male","1","Female","2","77","Life insurance company, credit union, mortgage bank, or finance company","7","","","","","","","","Not a HOEPA loan","2","Secured by a first lien","1","","","","6466","25.049999237060547","75200","113.41999816894531","1379","2398",""
"2017","22-3537421","Department of Housing and Urban Development","HUD","7","Conventional","1","One-to-four family dwelling (other than manufactured housing)","1","Refinancing","3","Owner-occupied as a principal dwelling","1","410","Not applicable","3","Loan originated","1","Newark - NJ, PA","35084","New Jersey","NJ","34","Morris County","27","0462.97","Not Hispanic or Latino","2","Not Hispanic or Latino","2","White","5","","","","","","","","","White","5","","","","","","","","","Male","1","Female","2","294","Commercial bank, savings bank or savings association","6","","","","","","","","Not a HOEPA loan","2","Secured by a first lien","1","","","","3557","8.569999694824219","99800","166.75999450683594","1189","1270",""
"2017","80-0743699","Department of Housing and Urban Development","HUD","7","FHA-insured","2","One-to-four family dwelling (other than manufactured housing)","1","Home purchase","1","Owner-occupied as a principal dwelling","1","97","Preapproval was not requested","2","File closed for incompleteness","5","","","New Jersey","NJ","34","","","","Information not provided by applicant in mail, Internet, or telephone application","3","No co-applicant","5","Information not provided by applicant in mail, Internet, or telephone application","6","","","","","","","","","No co-applicant","8","","","","","","","","","Information not provided by applicant in mail, Internet, or telephone application","3","No co-applicant","5","","Loan was not originated or was not sold in calendar year covered by register","0","","","","","","","","Not a HOEPA loan","2","Secured by a first lien","1","","","","","","","","","",""
"2017","1164400002","Department of Housing and Urban Development","HUD","7","Conventional","1","One-to-four family dwelling (other than manufactured housing)","1","Home purchase","1","Not owner-occupied as a principal dwelling","2","132","Not applicable","3","Application approved but not accepted","2","Camden - NJ","15804","New Jersey","NJ","34","Camden County","7","6043.00","Not Hispanic or Latino","2","No co-applicant","5","White","5","","","","","","","","","No co-applicant","8","","","","","","","","","Male","1","No co-applicant","5","88","Loan was not originated or was not sold in calendar year covered by register","0","","","","","","","","Not a HOEPA loan","2","Secured by a first lien","1","","","","3854","13.229999542236328","91500","115.69999694824219","1139","1558",""
"2017","23-2769131","Department of Housing and Urban Development","HUD","7","Conventional","1","One-to-four family dwelling (other than manufactured housing)","1","Home purchase","1","Owner-occupied as a principal dwelling","1","250","Preapproval was not requested","2","Loan originated","1","Newark - NJ, PA","35084","New Jersey","NJ","34","Somerset County","35","0510.00","Not Hispanic or Latino","2","Not Hispanic or Latino","2","White","5","","","","","","","","","White","5","","","","","","","","","Male","1","Female","2","164","Fannie Mae (FNMA)","1","","","","","","","","Not a HOEPA loan","2","Secured by a first lien","1","","","","7193","47.16999816894531","99800","93.80999755859375","1649","1853",""
"2017","80-0743699","Department of Housing and Urban Development","HUD","7","Conventional","1","One-to-four family dwelling (other than manufactured housing)","1","Home purchase","1","Owner-occupied as a principal dwelling","1","147","Preapproval was not requested","2","File closed for incompleteness","5","","","New Jersey","NJ","34","","","","Information not provided by applicant in mail, Internet, or telephone application","3","No co-applicant","5","Information not provided by applicant in mail, Internet, or telephone application","6","","","","","","","","","No co-applicant","8","","","","","","","","","Information not provided by applicant in mail, Internet, or telephone application","3","No co-applicant","5","58","Loan was not originated or was not sold in calendar year covered by register","0","","","","","","","","Not a HOEPA loan","2","Secured by a first lien","1","","","","","","","","","",""
"2017","0000817824","Consumer Financial Protection Bureau","CFPB","9","Conventional","1","One-to-four family dwelling (other than manufactured housing)","1","Home purchase","1","Owner-occupied as a principal dwelling","1","200","Preapproval was not requested","2","Loan originated","1","Allentown, Bethlehem, Easton - PA, NJ","10900","New Jersey","NJ","34","Warren County","41","0320.00","Information not provided by applicant in mail, Internet, or telephone application","3","No co-applicant","5","Information not provided by applicant in mail, Internet, or telephone application","6","","","","","","","","","No co-applicant","8","","","","","","","","","Male","1","No co-applicant","5","60","Loan was not originated or was not sold in calendar year covered by register","0","","","","","","","","Not a HOEPA loan","2","Secured by a first lien","1","","","","6466","25.049999237060547","75200","113.41999816894531","1379","2398",""
"2017","0000019953","Federal Deposit Insurance Corporation","FDIC","3","Conventional","1","One-to-four family dwelling (other than manufactured housing)","1","Home purchase","1","Not owner-occupied as a principal dwelling","2","284","Not applicable","3","Loan originated","1","New York, Jersey City, White Plains - NY, NJ","35614","New Jersey","NJ","34","Ocean County","29","7157.00","Not applicable","4","No co-applicant","5","Not applicable","7","","","","","","","","","No co-applicant","8","","","","","","","","","Not applicable","4","No co-applicant","5","","Loan was not originated or was not sold in calendar year covered by register","0","","","","","","","","Not a HOEPA loan","2","Secured by a first lien","1","","","","10034","18.530000686645508","73700","69.9000015258789","1903","2870",""
"2017","80-0743699","Department of Housing and Urban Development","HUD","7","FHA-insured","2","One-to-four family dwelling (other than manufactured housing)","1","Home purchase","1","Owner-occupied as a principal dwelling","1","190","Preapproval was not requested","2","Application denied by financial institution","3","","","New Jersey","NJ","34","","","","Information not provided by applicant in mail, Internet, or telephone application","3","No co-applicant","5","Information not provided by applicant in mail, Internet, or telephone application","6","","","","","","","","","No co-applicant","8","","","","","","","","","Female","2","No co-applicant","5","","Loan was not originated or was not sold in calendar year covered by register","0","Credit history","3","","","","","","Not a HOEPA loan","2","Secured by a first lien","1","","","","","","","","","",""
"2017","75-2921540","Department of Housing and Urban Development","HUD","7","Conventional","1","One-to-four family dwelling (other than manufactured housing)","1","Refinancing","3","Owner-occupied as a principal dwelling","1","196","Not applicable","3","File closed for incompleteness","5","New York, Jersey City, White Plains - NY, NJ","35614","New Jersey","NJ","34","Bergen County","3","0061.00","Not Hispanic or Latino","2","No co-applicant","5","White","5","","","","","","","","","No co-applicant","8","","","","","","","","","Female","2","No co-applicant","5","","Loan was not originated or was not sold in calendar year covered by register","0","","","","","","","","Not a HOEPA loan","2","Secured by a first lien","1","","","","7424","42.439998626708984","73700","105.72000122070312","1321","2060",""
"2017","1768800000","Department of Housing and Urban Development","HUD","7","Conventional","1","One-to-four family dwelling (other than manufactured housing)","1","Refinancing","3","Owner-occupied as a principal dwelling","1","291","Not applicable","3","Loan originated","1","New York, Jersey City, White Plains - NY, NJ","35614","New Jersey","NJ","34","Passaic County","31","1434.00","Not Hispanic or Latino","2","Not Hispanic or Latino","2","White","5","","","","","","","","","White","5","","","","","","","","","Male","1","Female","2","139","Other type of purchaser","9","","","","","","","","Not a HOEPA loan","2","Secured by a first lien","1","","","","7462","25.020000457763672","73700","113.52999877929688","1290","2208",""
"2017","80-0743699","Department of Housing and Urban Development","HUD","7","FHA-insured","2","One-to-four family dwelling (other than manufactured housing)","1","Home purchase","1","Owner-occupied as a principal dwelling","1","270","Preapproval was not requested","2","File closed for incompleteness","5","","","New Jersey","NJ","34","","","","Information not provided by applicant in mail, Internet, or telephone application","3","Information not provided by applicant in mail, Internet, or telephone application","3","Information not provided by applicant in mail, Internet, or telephone application","6","","","","","","","","","Information not provided by applicant in mail, Internet, or telephone application","6","","","","","","","","","Information not provided by applicant in mail, Internet, or telephone application","3","Information not provided by applicant in mail, Internet, or telephone application","3","","Loan was not originated or was not sold in calendar year covered by register","0","","","","","","","","Not a HOEPA loan","2","Secured by a first lien","1","","","","","","","","","",""
"2017","7197000003","Department of Housing and Urban Development","HUD","7","VA-guaranteed","3","One-to-four family dwelling (other than manufactured housing)","1","Home purchase","1","Owner-occupied as a principal dwelling","1","155","Preapproval was not requested","2","Loan originated","1","Allentown, Bethlehem, Easton - PA, NJ","10900","New Jersey","NJ","34","Warren County","41","0320.00","Not Hispanic or Latino","2","No co-applicant","5","Black or African American","3","","","","","","","","","No co-applicant","8","","","","","","","","","Male","1","No co-applicant","5","72","Loan was not originated or was not sold in calendar year covered by register","0","","","","","","","","Not a HOEPA loan","2","Secured by a first lien","1","","","","6466","25.049999237060547","75200","113.41999816894531","1379","2398",""
"2017","26-0595342","Department of Housing and Urban Development","HUD","7","FHA-insured","2","One-to-four family dwelling (other than manufactured housing)","1","Home purchase","1","Owner-occupied as a principal dwelling","1","255","Preapproval was not requested","2","Loan originated","1","New York, Jersey City, White Plains - NY, NJ","35614","New Jersey","NJ","34","Ocean County","29","7251.00","Not Hispanic or Latino","2","Not Hispanic or Latino","2","White","5","","","","","","","","","White","5","","","","","","","","","Female","2","Female","2","79","Ginnie Mae (GNMA)","2","","","","","","","01.85","Not a HOEPA loan","2","Secured by a first lien","1","","","","1988","14.1899995803833","73700","115.76000213623047","552","789",""
"2017","80-0743699","Department of Housing and Urban Development","HUD","7","Conventional","1","One-to-four family dwelling (other than manufactured housing)","1","Home purchase","1","Owner-occupied as a principal dwelling","1","215","Preapproval was not requested","2","File closed for incompleteness","5","","","New Jersey","NJ","34","","","","Information not provided by applicant in mail, Internet, or telephone application","3","No co-applicant","5","Information not provided by applicant in mail, Internet, or telephone application","6","","","","","","","","","No co-applicant","8","","","","","","","","","Information not provided by applicant in mail, Internet, or telephone application","3","No co-applicant","5","216","Loan was not originated or was not sold in calendar year covered by register","0","","","","","","","","Not a HOEPA loan","2","Secured by a first lien","1","","","","","","","","","",""
"2017","0004114567","Consumer Financial Protection Bureau","CFPB","9","Conventional","1","One-to-four family dwelling (other than manufactured housing)","1","Refinancing","3","Owner-occupied as a principal dwelling","1","1575","Not applicable","3","Loan originated","1","Newark - NJ, PA","35084","New Jersey","NJ","34","Morris County","27","0442.00","Not Hispanic or Latino","2","Not Hispanic or Latino","2","White","5","","","","","","","","","White","5","","","","","","","","","Female","2","Male","1","900","Loan was not originated or was not sold in calendar year covered by register","0","","","","","","","","Not a HOEPA loan","2","Secured by a first lien","1","","","","3895","14.149999618530273","99800","198.8800048828125","1308","1527",""
"2017","0000480228","Consumer Financial Protection Bureau","CFPB","9","FHA-insured","2","One-to-four family dwelling (other than manufactured housing)","1","Refinancing","3","Owner-occupied as a principal dwelling","1","279","Not applicable","3","Loan purchased by the institution","6","Allentown, Bethlehem, Easton - PA, NJ","10900","New Jersey","NJ","34","Warren County","41","0309.00","Not Hispanic or Latino","2","No co-applicant","5","White","5","","","","","","","","","No co-applicant","8","","","","","","","","","Male","1","No co-applicant","5","","Loan was not originated or was not sold in calendar year covered by register","0","","","","","","","","Not a HOEPA loan","2","Not applicable","4","","","","2914","49.619998931884766","75200","68.94999694824219","474","1173",""
"2017","80-0743699","Department of Housing and Urban Development","HUD","7","Conventional","1","One-to-four family dwelling (other than manufactured housing)","1","Home purchase","1","Owner-occupied as a principal dwelling","1","200","Preapproval was not requested","2","File closed for incompleteness","5","","","New Jersey","NJ","34","","","","Information not provided by applicant in mail, Internet, or telephone application","3","No co-applicant","5","Information not provided by applicant in mail, Internet, or telephone application","6","","","","","","","","","No co-applicant","8","","","","","","","","","Information not provided by applicant in mail, Internet, or telephone application","3","No co-applicant","5","","Loan was not originated or was not sold in calendar year covered by register","0","","","","","","","","Not a HOEPA loan","2","Secured by a first lien","1","","","","","","","","","",""
"2017","0000451965","Consumer Financial Protection Bureau","CFPB","9","Conventional","1","One-to-four family dwelling (other than manufactured housing)","1","Home purchase","1","Owner-occupied as a principal dwelling","1","260","Not applicable","3","Loan originated","1","Allentown, Bethlehem, Easton - PA, NJ","10900","New Jersey","NJ","34","Warren County","41","0319.00","Information not provided by applicant in mail, Internet, or telephone application","3","Information not provided by applicant in mail, Internet, or telephone application","3","Information not provided by applicant in mail, Internet, or telephone application","6","","","","","","","","","Information not provided by applicant in mail, Internet, or telephone application","6","","","","","","","","","Information not provided by applicant in mail, Internet, or telephone application","3","Information not provided by applicant in mail, Internet, or telephone application","3","95","Fannie Mae (FNMA)","1","","","","","","","","Not a HOEPA loan","2","Secured by a first lien","1","","","","6510","10.380000114440918","75200","136.55999755859375","2302","2478",""
"2017","0000451965","Consumer Financial Protection Bureau","CFPB","9","Conventional","1","One-to-four family dwelling (other than manufactured housing)","1","Home purchase","1","Owner-occupied as a principal dwelling","1","100","Not applicable","3","Loan originated","1","New York, Jersey City, White Plains - NY, NJ","35614","New Jersey","NJ","34","Ocean County","29","7312.02","Not Hispanic or Latino","2","No co-applicant","5","White","5","","","","","","","","","No co-applicant","8","","","","","","","","","Female","2","No co-applicant","5","33","Fannie Mae (FNMA)","1","","","","","","","","Not a HOEPA loan","2","Secured by a first lien","1","","","","4234","2.549999952316284","73700","66.80000305175781","2573","3160",""
"2017","80-0743699","Department of Housing and Urban Development","HUD","7","FHA-insured","2","One-to-four family dwelling (other than manufactured housing)","1","Home purchase","1","Owner-occupied as a principal dwelling","1","100","Preapproval was not requested","2","File closed for incompleteness","5","","","New Jersey","NJ","34","","","","Information not provided by applicant in mail, Internet, or telephone application","3","Information not provided by applicant in mail, Internet, or telephone application","3","Information not provided by applicant in mail, Internet, or telephone application","6","","","","","","","","","Information not provided by applicant in mail, Internet, or telephone application","6","","","","","","","","","Male","1","Information not provided by applicant in mail, Internet, or telephone application","3","50","Loan was not originated or was not sold in calendar year covered by register","0","","","","","","","","Not a HOEPA loan","2","Secured by a first lien","1","","","","","","","","","",""
"2017","26-4599244","Department of Housing and Urban Development","HUD","7","Conventional","1","One-to-four family dwelling (other than manufactured housing)","1","Home purchase","1","Owner-occupied as a principal dwelling","1","180","Not applicable","3","Loan originated","1","New York, Jersey City, White Plains - NY, NJ","35614","New Jersey","NJ","34","Bergen County","3","0321.03","Not Hispanic or Latino","2","No co-applicant","5","White","5","","","","","","","","","No co-applicant","8","","","","","","","","","Male","1","No co-applicant","5","78","Freddie Mac (FHLMC)","3","","","","","","","","Not a HOEPA loan","2","Secured by a first lien","1","","","","4998","25.610000610351562","73700","159.5800018310547","1992","1419",""
"2017","0000451965","Consumer Financial Protection Bureau","CFPB","9","FHA-insured","2","One-to-four family dwelling (other than manufactured housing)","1","Home purchase","1","Owner-occupied as a principal dwelling","1","324","Not applicable","3","Application withdrawn by applicant","4","New York, Jersey City, White Plains - NY, NJ","35614","New Jersey","NJ","34","Hudson County","17","0107.00","Not Hispanic or Latino","2","No co-applicant","5","White","5","","","","","","","","","No co-applicant","8","","","","","","","","","Male","1","No co-applicant","5","68","Loan was not originated or was not sold in calendar year covered by register","0","","","","","","","","Not a HOEPA loan","2","Secured by a first lien","1","","","","3714","46.45000076293945","73700","63.880001068115234","422","1069",""
"2017","80-0743699","Department of Housing and Urban Development","HUD","7","Conventional","1","One-to-four family dwelling (other than manufactured housing)","1","Home purchase","1","Owner-occupied as a principal dwelling","1","160","Preapproval was not requested","2","File closed for incompleteness","5","","","New Jersey","NJ","34","","","","Information not provided by applicant in mail, Internet, or telephone application","3","No co-applicant","5","Information not provided by applicant in mail, Internet, or telephone application","6","","","","","","","","","No co-applicant","8","","","","","","","","","Information not provided by applicant in mail, Internet, or telephone application","3","No co-applicant","5","57","Loan was not originated or was not sold in calendar year covered by register","0","","","","","","","","Not a HOEPA loan","2","Secured by a first lien","1","","","","","","","","","",""
"2017","83-0368862","Department of Housing and Urban Development","HUD","7","FHA-insured","2","One-to-four family dwelling (other than manufactured housing)","1","Refinancing","3","Owner-occupied as a principal dwelling","1","307","Not applicable","3","Loan originated","1","Allentown, Bethlehem, Easton - PA, NJ","10900","New Jersey","NJ","34","Warren County","41","0319.00","Information not provided by applicant in mail, Internet, or telephone application","3","Information not provided by applicant in mail, Internet, or telephone application","3","Information not provided by applicant in mail, Internet, or telephone application","6","","","","","","","","","Information not provided by applicant in mail, Internet, or telephone application","6","","","","","","","","","Male","1","Female","2","153","Other type of purchaser","9","","","","","","","","Not a HOEPA loan","2","Secured by a first lien","1","","","","6510","10.380000114440918","75200","136.55999755859375","2302","2478",""
"2017","0000497404","Consumer Financial Protection Bureau","CFPB","9","FHA-insured","2","One-to-four family dwelling (other than manufactured housing)","1","Home purchase","1","Owner-occupied as a principal dwelling","1","125","Not applicable","3","Loan purchased by the institution","6","New York, Jersey City, White Plains - NY, NJ","35614","New Jersey","NJ","34","Ocean County","29","7321.01","Not applicable","4","Not applicable","4","Not applicable","7","","","","","","","","","Not applicable","7","","","","","","","","","Not applicable","4","Not applicable","4","27","Life insurance company, credit union, mortgage bank, or finance company","7","","","","","","","","Not a HOEPA loan","2","Not applicable","4","","","","6433","11.300000190734863","73700","108.61000061035156","2141","2717",""
"2017","80-0743699","Department of Housing and Urban Development","HUD","7","FHA-insured","2","One-to-four family dwelling (other than manufactured housing)","1","Home purchase","1","Owner-occupied as a principal dwelling","1","196","Preapproval was requested","1","File closed for incompleteness","5","","","New Jersey","NJ","34","","","","Information not provided by applicant in mail, Internet, or telephone application","3","No co-applicant","5","Information not provided by applicant in mail, Internet, or telephone application","6","","","","","","","","","No co-applicant","8","","","","","","","","","Information not provided by applicant in mail, Internet, or telephone application","3","No co-applicant","5","80","Loan was not originated or was not sold in calendar year covered by register","0","","","","","","","","Not a HOEPA loan","2","Secured by a first lien","1","","","","","","","","","",""
"2017","0000018195","National Credit Union Administration","NCUA","5","Conventional","1","One-to-four family dwelling (other than manufactured housing)","1","Refinancing","3","Owner-occupied as a principal dwelling","1","276","Not applicable","3","Loan originated","1","New York, Jersey City, White Plains - NY, NJ","35614","New Jersey","NJ","34","Monmouth County","25","8113.01","Not Hispanic or Latino","2","No co-applicant","5","White","5","","","","","","","","","No co-applicant","8","","","","","","","","","Female","2","No co-applicant","5","126","Loan was not originated or was not sold in calendar year covered by register","0","","","","","","","","Not a HOEPA loan","2","Secured by a first lien","1","","","","5830","34.459999084472656","73700","111.47000122070312","1753","1847",""
"2017","3028209994","Department of Housing and Urban Development","HUD","7","Conventional","1","One-to-four family dwelling (other than manufactured housing)","1","Home purchase","1","Owner-occupied as a principal dwelling","1","464","Not applicable","3","Loan originated","1","New York, Jersey City, White Plains - NY, NJ","35614","New Jersey","NJ","34","Hudson County","17","0103.00","Not Hispanic or Latino","2","Not Hispanic or Latino","2","White","5","","","","","","","","","White","5","","","","","","","","","Male","1","Female","2","460","Fannie Mae (FNMA)","1","","","","","","","","Not a HOEPA loan","2","Secured by a first lien","1","","","","2884","57.06999969482422","73700","76.2300033569336","413","885",""
"2017","80-0743699","Department of Housing and Urban Development","HUD","7","FHA-insured","2","One-to-four family dwelling (other than manufactured housing)","1","Home purchase","1","Owner-occupied as a principal dwelling","1","81","Preapproval was not requested","2","Application denied by financial institution","3","","","New Jersey","NJ","34","","","","Information not provided by applicant in mail, Internet, or telephone application","3","Information not provided by applicant in mail, Internet, or telephone application","3","Information not provided by applicant in mail, Internet, or telephone application","6","","","","","","","","","Information not provided by applicant in mail, Internet, or telephone application","6","","","","","","","","","Male","1","Female","2","32","Loan was not originated or was not sold in calendar year covered by register","0","","","","","","","","Not a HOEPA loan","2","Secured by a first lien","1","","","","","","","","","",""
"2017","0870691650","Department of Housing and Urban Development","HUD","7","Conventional","1","One-to-four family dwelling (other than manufactured housing)","1","Refinancing","3","Owner-occupied as a principal dwelling","1","256","Not applicable","3","Loan originated","1","Allentown, Bethlehem, Easton - PA, NJ","10900","New Jersey","NJ","34","Warren County","41","0316.02","Information not provided by applicant in mail, Internet, or telephone application","3","Information not provided by applicant in mail, Internet, or telephone application","3","Information not provided by applicant in mail, Internet, or telephone application","6","","","","","","","","","Information not provided by applicant in mail, Internet, or telephone application","6","","","","","","","","","Information not provided by applicant in mail, Internet, or telephone application","3","Information not provided by applicant in mail, Internet, or telephone application","3","137","Other type of purchaser","9","","","","","","","","Not a HOEPA loan","2","Secured by a first lien","1","","","","2478","9.15999984741211","75200","125.4800033569336","843","980",""
"2017","0002735146","Consumer Financial Protection Bureau","CFPB","9","Conventional","1","One-to-four family dwelling (other than manufactured housing)","1","Refinancing","3","Owner-occupied as a principal dwelling","1","337","Not applicable","3","Application withdrawn by applicant","4","New York, Jersey City, White Plains - NY, NJ","35614","New Jersey","NJ","34","Passaic County","31","1432.00","Not Hispanic or Latino","2","Not Hispanic or Latino","2","White","5","","","","","","","","","White","5","","","","","","","","","Female","2","Male","1","132","Loan was not originated or was not sold in calendar year covered by register","0","","","","","","","","Not a HOEPA loan","2","Secured by a first lien","1","","","","6054","12.59000015258789","73700","173.02999877929688","1855","2223",""
"2017","80-0743699","Department of Housing and Urban Development","HUD","7","FHA-insured","2","One-to-four family dwelling (other than manufactured housing)","1","Home purchase","1","Owner-occupied as a principal dwelling","1","295","Preapproval was not requested","2","Application withdrawn by applicant","4","","","New Jersey","NJ","34","","","","Information not provided by applicant in mail, Internet, or telephone application","3","No co-applicant","5","Information not provided by applicant in mail, Internet, or telephone application","6","","","","","","","","","No co-applicant","8","","","","","","","","","Information not provided by applicant in mail, Internet, or telephone application","3","No co-applicant","5","91","Loan was not originated or was not sold in calendar year covered by register","0","","","","","","","","Not a HOEPA loan","2","Secured by a first lien","1","","","","","","","","","",""
"2017","22-3048514","Department of Housing and Urban Development","HUD","7","Conventional","1","One-to-four family dwelling (other than manufactured housing)","1","Home purchase","1","Owner-occupied as a principal dwelling","1","482","Not applicable","3","Loan originated","1","New York, Jersey City, White Plains - NY, NJ","35614","New Jersey","NJ","34","Hudson County","17","0189.00","Not Hispanic or Latino","2","Not Hispanic or Latino","2","White","5","","","","","","","","","White","5","","","","","","","","","Male","1","Female","2","186","Life insurance company, credit union, mortgage bank, or finance company","7","","","","","","","","Not a HOEPA loan","2","Secured by a first lien","1","","","","3803","22.170000076293945","73700","187.24000549316406","638","394",""
"2017","13-6131491","Department of Housing and Urban Development","HUD","7","Conventional","1","One-to-four family dwelling (other than manufactured housing)","1","Home purchase","1","Owner-occupied as a principal dwelling","1","206","Not applicable","3","Loan originated","1","Ocean City - NJ","36140","New Jersey","NJ","34","Cape May County","9","0217.02","Not Hispanic or Latino","2","No co-applicant","5","White","5","","","","","","","","","No co-applicant","8","","","","","","","","","Female","2","No co-applicant","5","55","Freddie Mac (FHLMC)","3","","","","","","","","Not a HOEPA loan","2","Secured by a first lien","1","","","","2588","7.380000114440918","73400","108.45999908447266","974","2012",""
"2017","80-0743699","Department of Housing and Urban Development","HUD","7","Conventional","1","One-to-four family dwelling (other than manufactured housing)","1","Home purchase","1","Owner-occupied as a principal dwelling","1","272","Preapproval was not requested","2","Application withdrawn by applicant","4","","","New Jersey","NJ","34","","","","Information not provided by applicant in mail, Internet, or telephone application","3","No co-applicant","5","Information not provided by applicant in mail, Internet, or telephone application","6","","","","","","","","","No co-applicant","8","","","","","","","","","Male","1","No co-applicant","5","67","Loan was not originated or was not sold in calendar year covered by register","0","","","","","","","","Not a HOEPA loan","2","Secured by a first lien","1","","","","","","","","","",""
"2017","7197000003","Department of Housing and Urban Development","HUD","7","Conventional","1","One-to-four family dwelling (other than manufactured housing)","1","Refinancing","3","Owner-occupied as a principal dwelling","1","125","Not applicable","3","Loan originated","1","Allentown, Bethlehem, Easton - PA, NJ","10900","New Jersey","NJ","34","Warren County","41","0316.01","Information not provided by applicant in mail, Internet, or telephone application","3","Information not provided by applicant in mail, Internet, or telephone application","3","Information not provided by applicant in mail, Internet, or telephone application","6","","","","","","","","","Information not provided by applicant in mail, Internet, or telephone application","6","","","","","","","","","Information not provided by applicant in mail, Internet, or telephone application","3","Information not provided by applicant in mail, Internet, or telephone application","3","56","Fannie Mae (FNMA)","1","","","","","","","","Not a HOEPA loan","2","Secured by a first lien","1","","","","4775","9.420000076293945","75200","103.26000213623047","1639","2015",""
"2017","22-3039688","Department of Housing and Urban Development","HUD","7","FHA-insured","2","One-to-four family dwelling (other than manufactured housing)","1","Home purchase","1","Owner-occupied as a principal dwelling","1","188","Not applicable","3","Application approved but not accepted","2","New York, Jersey City, White Plains - NY, NJ","35614","New Jersey","NJ","34","Passaic County","31","1824.00","Hispanic or Latino","1","Hispanic or Latino","1","White","5","","","","","","","","","White","5","","","","","","","","","Male","1","Female","2","58","Loan was not originated or was not sold in calendar year covered by register","0","","","","","","","","Not a HOEPA loan","2","Secured by a first lien","1","","","","4794","99.75","73700","66.94999694824219","429","1488",""
"2017","80-0743699","Department of Housing and Urban Development","HUD","7","FHA-insured","2","One-to-four family dwelling (other than manufactured housing)","1","Home purchase","1","Owner-occupied as a principal dwelling","1","95","Preapproval was not requested","2","Application denied by financial institution","3","","","New Jersey","NJ","34","","","","Information not provided by applicant in mail, Internet, or telephone application","3","No co-applicant","5","Information not provided by applicant in mail, Internet, or telephone application","6","","","","","","","","","No co-applicant","8","","","","","","","","","Information not provided by applicant in mail, Internet, or telephone application","3","No co-applicant","5","22","Loan was not originated or was not sold in calendar year covered by register","0","","","","","","","","Not a HOEPA loan","2","Secured by a first lien","1","","","","","","","","","",""
"2017","0000722777","Consumer Financial Protection Bureau","CFPB","9","Conventional","1","One-to-four family dwelling (other than manufactured housing)","1","Refinancing","3","Owner-occupied as a principal dwelling","1","121","Not applicable","3","Loan originated","1","Newark - NJ, PA","35084","New Jersey","NJ","34","Essex County","13","0073.00","Not Hispanic or Latino","2","Not Hispanic or Latino","2","White","5","","","","","","","","","White","5","","","","","","","","","Male","1","Female","2","76","Freddie Mac (FHLMC)","3","","","","","","","","Not a HOEPA loan","2","Secured by a first lien","1","","","","6185","65.37999725341797","99800","48.02000045776367","391","1639",""
"2017","0002735146","Consumer Financial Protection Bureau","CFPB","9","FHA-insured","2","One-to-four family dwelling (other than manufactured housing)","1","Refinancing","3","Owner-occupied as a principal dwelling","1","232","Not applicable","3","Loan purchased by the institution","6","Camden - NJ","15804","New Jersey","NJ","34","Burlington County","5","7008.00","Not applicable","4","Not applicable","4","Not applicable","7","","","","","","","","","Not applicable","7","","","","","","","","","Not applicable","4","Not applicable","4","","Loan was not originated or was not sold in calendar year covered by register","0","","","","","","","","Not a HOEPA loan","2","Not applicable","4","","","","4542","21.690000534057617","91500","103.5199966430664","1445","1803",""
"2017","80-0743699","Department of Housing and Urban Development","HUD","7","FHA-insured","2","One-to-four family dwelling (other than manufactured housing)","1","Refinancing","3","Owner-occupied as a principal dwelling","1","131","Not applicable","3","File closed for incompleteness","5","","","New Jersey","NJ","34","","","","Information not provided by applicant in mail, Internet, or telephone application","3","No co-applicant","5","Information not provided by applicant in mail, Internet, or telephone application","6","","","","","","","","","No co-applicant","8","","","","","","","","","Information not provided by applicant in mail, Internet, or telephone application","3","No co-applicant","5","","Loan was not originated or was not sold in calendar year covered by register","0","","","","","","","","Not a HOEPA loan","2","Secured by a first lien","1","","","","","","","","","",""
"2017","0000817824","Consumer Financial Protection Bureau","CFPB","9","Conventional","1","One-to-four family dwelling (other than manufactured housing)","1","Home purchase","1","Owner-occupied as a principal dwelling","1","93","Preapproval was not requested","2","Loan originated","1","Allentown, Bethlehem, Easton - PA, NJ","10900","New Jersey","NJ","34","Warren County","41","0315.00","Information not provided by applicant in mail, Internet, or telephone application","3","No co-applicant","5","Information not provided by applicant in mail, Internet, or telephone application","6","","","","","","","","","No co-applicant","8","","","","","","","","","Female","2","No co-applicant","5","62","Freddie Mac (FHLMC)","3","","","","","","","","Not a HOEPA loan","2","Secured by a first lien","1","","","","7552","22.100000381469727","75200","107.91999816894531","1803","2200",""
"2017","57-1175755","Department of Housing and Urban Development","HUD","7","Conventional","1","One-to-four family dwelling (other than manufactured housing)","1","Refinancing","3","Owner-occupied as a principal dwelling","1","173","Not applicable","3","Application withdrawn by applicant","4","Wilmington - DE, MD, NJ","48864","New Jersey","NJ","34","Salem County","33","0211.01","Not Hispanic or Latino","2","No co-applicant","5","White","5","","","","","","","","","No co-applicant","8","","","","","","","","","Male","1","No co-applicant","5","78","Loan was not originated or was not sold in calendar year covered by register","0","","","","","","","","Not a HOEPA loan","2","Secured by a first lien","1","","","","4750","7.940000057220459","81400","104.12000274658203","1676","1888",""
"2017","80-0743699","Department of Housing and Urban Development","HUD","7","Conventional","1","One-to-four family dwelling (other than manufactured housing)","1","Home purchase","1","Owner-occupied as a principal dwelling","1","405","Preapproval was not requested","2","File closed for incompleteness","5","","","New Jersey","NJ","34","","","","Information not provided by applicant in mail, Internet, or telephone application","3","Information not provided by applicant in mail, Internet, or telephone application","3","Information not provided by applicant in mail, Internet, or telephone application","6","","","","","","","","","Information not provided by applicant in mail, Internet, or telephone application","6","","","","","","","","","Information not provided by applicant in mail, Internet, or telephone application","3","Information not provided by applicant in mail, Internet, or telephone application","3","","Loan was not originated or was not sold in calendar year covered by register","0","","","","","","","","Not a HOEPA loan","2","Secured by a first lien","1","","","","","","","","","",""
"2017","0000451965","Consumer Financial Protection Bureau","CFPB","9","Conventional","1","One-to-four family dwelling (other than manufactured housing)","1","Home purchase","1","Owner-occupied as a principal dwelling","1","320","Not applicable","3","Loan purchased by the institution","6","Newark - NJ, PA","35084","New Jersey","NJ","34","Hunterdon County","19","0110.02","Not Hispanic or Latino","2","No co-applicant","5","White","5","","","","","","","","","No co-applicant","8","","","","","","","","","Female","2","No co-applicant","5","105","Fannie Mae (FNMA)","1","","","","","","","","Not a HOEPA loan","2","Not applicable","4","","","","6286","17.149999618530273","99800","147.6999969482422","2086","2232",""
"2017","0004186591","Consumer Financial Protection Bureau","CFPB","9","VA-guaranteed","3","One-to-four family dwelling (other than manufactured housing)","1","Home purchase","1","Owner-occupied as a principal dwelling","1","165","Not applicable","3","Loan purchased by the institution","6","Ocean City - NJ","36140","New Jersey","NJ","34","Cape May County","9","0221.01","Not applicable","4","Not applicable","4","Not applicable","7","","","","","","","","","Not applicable","7","","","","","","","","","Not applicable","4","Not applicable","4","","Ginnie Mae (GNMA)","2","","","","","","","","Not a HOEPA loan","2","Not applicable","4","","","","1714","11.899999618530273","73400","85.80000305175781","416","803",""
"2017","80-0743699","Department of Housing and Urban Development","HUD","7","FHA-insured","2","One-to-four family dwelling (other than manufactured housing)","1","Home purchase","1","Owner-occupied as a principal dwelling","1","128","Preapproval was not requested","2","File closed for incompleteness","5","","","New Jersey","NJ","34","","","","Information not provided by applicant in mail, Internet, or telephone application","3","No co-applicant","5","Information not provided by applicant in mail, Internet, or telephone application","6","","","","","","","","","No co-applicant","8","","","","","","","","","Female","2","No co-applicant","5","40","Loan was not originated or was not sold in calendar year covered by register","0","","","","","","","","Not a HOEPA loan","2","Secured by a first lien","1","","","","","","","","","",""
"2017","0000451965","Consumer Financial Protection Bureau","CFPB","9","Conventional","1","One-to-four family dwelling (other than manufactured housing)","1","Refinancing","3","Owner-occupied as a principal dwelling","1","108","Not applicable","3","Loan originated","1","Allentown, Bethlehem, Easton - PA, NJ","10900","New Jersey","NJ","34","Warren County","41","0315.00","Information not provided by applicant in mail, Internet, or telephone application","3","Information not provided by applicant in mail, Internet, or telephone application","3","Information not provided by applicant in mail, Internet, or telephone application","6","","","","","","","","","Information not provided by applicant in mail, Internet, or telephone application","6","","","","","","","","","Information not provided by applicant in mail, Internet, or telephone application","3","Information not provided by applicant in mail, Internet, or telephone application","3","84","Freddie Mac (FHLMC)","3","","","","","","","","Not a HOEPA loan","2","Secured by a first lien","1","","","","7552","22.100000381469727","75200","107.91999816894531","1803","2200",""
"2017","7197000003","Department of Housing and Urban Development","HUD","7","Conventional","1","One-to-four family dwelling (other than manufactured housing)","1","Refinancing","3","Owner-occupied as a principal dwelling","1","264","Not applicable","3","Loan originated","1","Newark - NJ, PA","35084","New Jersey","NJ","34","Somerset County","35","0509.02","Not Hispanic or Latino","2","No co-applicant","5","Information not provided by applicant in mail, Internet, or telephone application","6","","","","","","","","","No co-applicant","8","","","","","","","","","Male","1","No co-applicant","5","77","Freddie Mac (FHLMC)","3","","","","","","","","Not a HOEPA loan","2","Secured by a first lien","1","","","","3437","21.940000534057617","99800","155.4199981689453","1122","1209",""
"2017","80-0743699","Department of Housing and Urban Development","HUD","7","FHA-insured","2","One-to-four family dwelling (other than manufactured housing)","1","Home purchase","1","Owner-occupied as a principal dwelling","1","200","Preapproval was not requested","2","Application withdrawn by applicant","4","","","New Jersey","NJ","34","","","","Information not provided by applicant in mail, Internet, or telephone application","3","No co-applicant","5","Information not provided by applicant in mail, Internet, or telephone application","6","","","","","","","","","No co-applicant","8","","","","","","","","","Information not provided by applicant in mail, Internet, or telephone application","3","No co-applicant","5","","Loan was not originated or was not sold in calendar year covered by register","0","","","","","","","","Not a HOEPA loan","2","Secured by a first lien","1","","","","","","","","","",""
"2017","22-2812732","Department of Housing and Urban Development","HUD","7","Conventional","1","One-to-four family dwelling (other than manufactured housing)","1","Home purchase","1","Owner-occupied as a principal dwelling","1","516","Preapproval was not requested","2","Loan originated","1","Newark - NJ, PA","35084","New Jersey","NJ","34","Somerset County","35","0541.00","Not Hispanic or Latino","2","Not Hispanic or Latino","2","White","5","","","","","","","","","White","5","","","","","","","","","Female","2","Male","1","220","Commercial bank, savings bank or savings association","6","","","","","","","","Not a HOEPA loan","2","Secured by a first lien","1","","","","7735","23.030000686645508","99800","161.1699981689453","2227","2317",""
"2017","0000030052","Federal Deposit Insurance Corporation","FDIC","3","Conventional","1","One-to-four family dwelling (other than manufactured housing)","1","Home purchase","1","Not owner-occupied as a principal dwelling","2","508","Not applicable","3","Loan originated","1","New York, Jersey City, White Plains - NY, NJ","35614","New Jersey","NJ","34","Hudson County","17","0164.00","Not Hispanic or Latino","2","No co-applicant","5","White","5","","","","","","","","","No co-applicant","8","","","","","","","","","Male","1","No co-applicant","5","","Loan was not originated or was not sold in calendar year covered by register","0","","","","","","","","Not a HOEPA loan","2","Secured by a first lien","1","","","","4034","89.83999633789062","73700","43.369998931884766","190","786",""
"2017","56-2237729","Department of Housing and Urban Development","HUD","7","Conventional","1","One-to-four family dwelling (other than manufactured housing)","1","Home purchase","1","Owner-occupied as a principal dwelling","1","264","Not applicable","3","Application denied by financial institution","3","","","New Jersey","NJ","34","","","","Information not provided by applicant in mail, Internet, or telephone application","3","No co-applicant","5","Information not provided by applicant in mail, Internet, or telephone application","6","","","","","","","","","No co-applicant","8","","","","","","","","","Information not provided by applicant in mail, Internet, or telephone application","3","No co-applicant","5","","Loan was not originated or was not sold in calendar year covered by register","0","Unverifiable information","6","","","","","","Not a HOEPA loan","2","Secured by a first lien","1","","","","","","","","","",""
"2017","80-0743699","Department of Housing and Urban Development","HUD","7","FHA-insured","2","One-to-four family dwelling (other than manufactured housing)","1","Home purchase","1","Owner-occupied as a principal dwelling","1","191","Preapproval was not requested","2","Loan originated","1","Allentown, Bethlehem, Easton - PA, NJ","10900","New Jersey","NJ","34","Warren County","41","0315.00","Not Hispanic or Latino","2","No co-applicant","5","Information not provided by applicant in mail, Internet, or telephone application","6","","","","","","","","","No co-applicant","8","","","","","","","","","Female","2","No co-applicant","5","77","Life insurance company, credit union, mortgage bank, or finance company","7","","","","","","","","Not a HOEPA loan","2","Secured by a first lien","1","","","","7552","22.100000381469727","75200","107.91999816894531","1803","2200",""
"2017","0000029875","Federal Deposit Insurance Corporation","FDIC","3","Conventional","1","One-to-four family dwelling (other than manufactured housing)","1","Home purchase","1","Owner-occupied as a principal dwelling","1","277","Not applicable","3","Loan originated","1","Newark - NJ, PA","35084","New Jersey","NJ","34","Somerset County","35","0529.03","Not Hispanic or Latino","2","Not Hispanic or Latino","2","White","5","","","","","","","","","White","5","","","","","","","","","Male","1","Female","2","144","Loan was not originated or was not sold in calendar year covered by register","0","","","","","","","","Not a HOEPA loan","2","Secured by a first lien","1","","","","5991","19.760000228881836","99800","119.91999816894531","2631","2228",""
"2017","80-0743699","Department of Housing and Urban Development","HUD","7","FHA-insured","2","One-to-four family dwelling (other than manufactured housing)","1","Home purchase","1","Owner-occupied as a principal dwelling","1","397","Preapproval was not requested","2","File closed for incompleteness","5","","","New Jersey","NJ","34","","","","Information not provided by applicant in mail, Internet, or telephone application","3","No co-applicant","5","Information not provided by applicant in mail, Internet, or telephone application","6","","","","","","","","","No co-applicant","8","","","","","","","","","Information not provided by applicant in mail, Internet, or telephone application","3","No co-applicant","5","","Loan was not originated or was not sold in calendar year covered by register","0","","","","","","","","Not a HOEPA loan","2","Secured by a first lien","1","","","","","","","","","",""
"2017","0002735146","Consumer Financial Protection Bureau","CFPB","9","FHA-insured","2","One-to-four family dwelling (other than manufactured housing)","1","Refinancing","3","Owner-occupied as a principal dwelling","1","285","Not applicable","3","Loan purchased by the institution","6","New York, Jersey City, White Plains - NY, NJ","35614","New Jersey","NJ","34","Monmouth County","25","8113.03","Not applicable","4","Not applicable","4","Not applicable","7","","","","","","","","","Not applicable","7","","","","","","","","","Not applicable","4","Not applicable","4","","Loan was not originated or was not sold in calendar year covered by register","0","","","","","","","","Not a HOEPA loan","2","Not applicable","4","","","","4546","12.229999542236328","73700","157.39999389648438","1358","1415",""
"2017","27-2389039","Department of Housing and Urban Development","HUD","7","Conventional","1","One-to-four family dwelling (other than manufactured housing)","1","Refinancing","3","Not owner-occupied as a principal dwelling","2","150","Not applicable","3","Loan originated","1","Camden - NJ","15804","New Jersey","NJ","34","Burlington County","5","7040.12","Not Hispanic or Latino","2","No co-applicant","5","Asian","2","","","","","","","","","No co-applicant","8","","","","","","","","","Male","1","No co-applicant","5","215","Life insurance company, credit union, mortgage bank, or finance company","7","","","","","","","","Not a HOEPA loan","2","Secured by a first lien","1","","","","5715","15.489999771118164","91500","115.91000366210938","1948","2109",""
"2017","80-0743699","Department of Housing and Urban Development","HUD","7","FHA-insured","2","One-to-four family dwelling (other than manufactured housing)","1","Home purchase","1","Owner-occupied as a principal dwelling","1","116","Preapproval was not requested","2","File closed for incompleteness","5","","","New Jersey","NJ","34","","","","Information not provided by applicant in mail, Internet, or telephone application","3","No co-applicant","5","Information not provided by applicant in mail, Internet, or telephone application","6","","","","","","","","","No co-applicant","8","","","","","","","","","Information not provided by applicant in mail, Internet, or telephone application","3","No co-applicant","5","","Loan was not originated or was not sold in calendar year covered by register","0","","","","","","","","Not a HOEPA loan","2","Secured by a first lien","1","","","","","","","","","",""
"2017","2317700005","Department of Housing and Urban Development","HUD","7","Conventional","1","One-to-four family dwelling (other than manufactured housing)","1","Home purchase","1","Owner-occupied as a principal dwelling","1","308","Not applicable","3","Loan originated","1","Allentown, Bethlehem, Easton - PA, NJ","10900","New Jersey","NJ","34","Warren County","41","0315.00","Information not provided by applicant in mail, Internet, or telephone application","3","No co-applicant","5","Information not provided by applicant in mail, Internet, or telephone application","6","","","","","","","","","No co-applicant","8","","","","","","","","","Male","1","No co-applicant","5","81","Affiliate institution","8","","","","","","","","Not a HOEPA loan","2","Secured by a first lien","1","","","","7552","22.100000381469727","75200","107.91999816894531","1803","2200",""
"2017","0000451965","Consumer Financial Protection Bureau","CFPB","9","Conventional","1","One-to-four family dwelling (other than manufactured housing)","1","Home purchase","1","Owner-occupied as a principal dwelling","1","424","Not applicable","3","Application withdrawn by applicant","4","Newark - NJ, PA","35084","New Jersey","NJ","34","Somerset County","35","0539.04","Not Hispanic or Latino","2","Not Hispanic or Latino","2","Asian","2","","","","","","","","","Asian","2","","","","","","","","","Male","1","Female","2","210","Loan was not originated or was not sold in calendar year covered by register","0","","","","","","","","Not a HOEPA loan","2","Secured by a first lien","1","","","","3432","25.989999771118164","99800","204.6699981689453","990","1027",""
"2017","80-0743699","Department of Housing and Urban Development","HUD","7","Conventional","1","One-to-four family dwelling (other than manufactured housing)","1","Home purchase","1","Owner-occupied as a principal dwelling","1","108","Preapproval was not requested","2","Application withdrawn by applicant","4","","","New Jersey","NJ","34","","","","Information not provided by applicant in mail, Internet, or telephone application","3","No co-applicant","5","Information not provided by applicant in mail, Internet, or telephone application","6","","","","","","","","","No co-applicant","8","","","","","","","","","Not applicable","4","No co-applicant","5","96","Loan was not originated or was not sold in calendar year covered by register","0","","","","","","","","Not a HOEPA loan","2","Secured by a first lien","1","","","","","","","","","",""
"2017","23-2769131","Department of Housing and Urban Development","HUD","7","Conventional","1","One-to-four family dwelling (other than manufactured housing)","1","Home purchase","1","Owner-occupied as a principal dwelling","1","265","Preapproval was not requested","2","Loan originated","1","Newark - NJ, PA","35084","New Jersey","NJ","34","Hunterdon County","19","0113.01","Not Hispanic or Latino","2","No co-applicant","5","White","5","","","","","","","","","No co-applicant","8","","","","","","","","","Female","2","No co-applicant","5","217","Fannie Mae (FNMA)","1","","","","","","","","Not a HOEPA loan","2","Secured by a first lien","1","","","","6519","11.239999771118164","99800","158.8000030517578","1970","2238",""
"2017","7197000003","Department of Housing and Urban Development","HUD","7","Conventional","1","One-to-four family dwelling (other than manufactured housing)","1","Refinancing","3","Not owner-occupied as a principal dwelling","2","165","Not applicable","3","Application denied by financial institution","3","New York, Jersey City, White Plains - NY, NJ","35614","New Jersey","NJ","34","Hudson County","17","0020.00","Not Hispanic or Latino","2","Not Hispanic or Latino","2","White","5","","","","","","","","","White","5","","","","","","","","","Male","1","Female","2","165","Loan was not originated or was not sold in calendar year covered by register","0","Credit application incomplete","7","","","","","","Not a HOEPA loan","2","Secured by a first lien","1","","","","4191","67.22000122070312","73700","73.19999694824219","158","546",""
"2017","80-0743699","Department of Housing and Urban Development","HUD","7","Conventional","1","One-to-four family dwelling (other than manufactured housing)","1","Home purchase","1","Owner-occupied as a principal dwelling","1","250","Preapproval was not requested","2","File closed for incompleteness","5","","","New Jersey","NJ","34","","","","Information not provided by applicant in mail, Internet, or telephone application","3","No co-applicant","5","Information not provided by applicant in mail, Internet, or telephone application","6","","","","","","","","","No co-applicant","8","","","","","","","","","Information not provided by applicant in mail, Internet, or telephone application","3","No co-applicant","5","71","Loan was not originated or was not sold in calendar year covered by register","0","","","","","","","","Not a HOEPA loan","2","Secured by a first lien","1","","","","","","","","","",""
"2017","26-2053389","Department of Housing and Urban Development","HUD","7","FHA-insured","2","One-to-four family dwelling (other than manufactured housing)","1","Home purchase","1","Owner-occupied as a principal dwelling","1","228","Preapproval was not requested","2","Loan originated","1","Allentown, Bethlehem, Easton - PA, NJ","10900","New Jersey","NJ","34","Warren County","41","0314.02","Information not provided by applicant in mail, Internet, or telephone application","3","Information not provided by applicant in mail, Internet, or telephone application","3","Information not provided by applicant in mail, Internet, or telephone application","6","","","","","","","","","Information not provided by applicant in mail, Internet, or telephone application","6","","","","","","","","","Information not provided by applicant in mail, Internet, or telephone application","3","Information not provided by applicant in mail, Internet, or telephone application","3","102","Other type of purchaser","9","","","","","","","","Not a HOEPA loan","2","Secured by a first lien","1","","","","5154","26.270000457763672","75200","106.44999694824219","873","1267",""
"2017","0000451965","Consumer Financial Protection Bureau","CFPB","9","Conventional","1","One-to-four family dwelling (other than manufactured housing)","1","Refinancing","3","Owner-occupied as a principal dwelling","1","300","Not applicable","3","Loan purchased by the institution","6","Newark - NJ, PA","35084","New Jersey","NJ","34","Sussex County","37","3711.00","Not Hispanic or Latino","2","Not Hispanic or Latino","2","White","5","","","","","","","","","White","5","","","","","","","","","Male","1","Female","2","121","Freddie Mac (FHLMC)","3","","","","","","","","Not a HOEPA loan","2","Not applicable","4","","","","4069","8.550000190734863","99800","96.04000091552734","1129","1422",""
"2017","80-0743699","Department of Housing and Urban Development","HUD","7","VA-guaranteed","3","One-to-four family dwelling (other than manufactured housing)","1","Home purchase","1","Owner-occupied as a principal dwelling","1","275","Preapproval was not requested","2","File closed for incompleteness","5","","","New Jersey","NJ","34","","","","Information not provided by applicant in mail, Internet, or telephone application","3","No co-applicant","5","Information not provided by applicant in mail, Internet, or telephone application","6","","","","","","","","","No co-applicant","8","","","","","","","","","Information not provided by applicant in mail, Internet, or telephone application","3","No co-applicant","5","51","Loan was not originated or was not sold in calendar year covered by register","0","","","","","","","","Not a HOEPA loan","2","Secured by a first lien","1","","","","","","","","","",""
"2017","38-2799035","Department of Housing and Urban Development","HUD","7","Conventional","1","One-to-four family dwelling (other than manufactured housing)","1","Refinancing","3","Owner-occupied as a principal dwelling","1","181","Not applicable","3","Loan purchased by the institution","6","Camden - NJ","15804","New Jersey","NJ","34","Gloucester County","15","5002.03","Not applicable","4","Not applicable","4","Not applicable","7","","","","","","","","","Not applicable","7","","","","","","","","","Not applicable","4","Not applicable","4","","Fannie Mae (FNMA)","1","","","","","","","","Not a HOEPA loan","2","Not applicable","4","","","","4714","9.6899995803833","91500","110.97000122070312","1356","1494",""
"2017","47-0912342","Department of Housing and Urban Development","HUD","7","Conventional","1","One-to-four family dwelling (other than manufactured housing)","1","Refinancing","3","Owner-occupied as a principal dwelling","1","257","Not applicable","3","Application withdrawn by applicant","4","Trenton - NJ","45940","New Jersey","NJ","34","Mercer County","21","0029.04","Not Hispanic or Latino","2","No co-applicant","5","White","5","","","","","","","","","No co-applicant","8","","","","","","","","","Male","1","No co-applicant","5","78","Loan was not originated or was not sold in calendar year covered by register","0","","","","","","","","Not a HOEPA loan","2","Secured by a first lien","1","","","","5474","16.350000381469727","95400","117.44000244140625","1624","1812",""
"2017","80-0743699","Department of Housing and Urban Development","HUD","7","FHA-insured","2","One-to-four family dwelling (other than manufactured housing)","1","Home purchase","1","Owner-occupied as a principal dwelling","1","147","Preapproval was not requested","2","Application withdrawn by applicant","4","","","New Jersey","NJ","34","","","","Information not provided by applicant in mail, Internet, or telephone application","3","No co-applicant","5","Information not provided by applicant in mail, Internet, or telephone application","6","","","","","","","","","No co-applicant","8","","","","","","","","","Not applicable","4","No co-applicant","5","21","Loan was not originated or was not sold in calendar year covered by register","0","","","","","","","","Not a HOEPA loan","2","Secured by a first lien","1","","","","","","","","","",""
"2017","7197000003","Department of Housing and Urban Development","HUD","7","Conventional","1","One-to-four family dwelling (other than manufactured housing)","1","Refinancing","3","Owner-occupied as a principal dwelling","1","217","Not applicable","3","Loan originated","1","Allentown, Bethlehem, Easton - PA, NJ","10900","New Jersey","NJ","34","Warren County","41","0314.02","Not Hispanic or Latino","2","Information not provided by applicant in mail, Internet, or telephone application","3","White","5","","","","","","","","","Information not provided by applicant in mail, Internet, or telephone application","6","","","","","","","","","Male","1","Information not provided by applicant in mail, Internet, or telephone application","3","100","Fannie Mae (FNMA)","1","","","","","","","","Not a HOEPA loan","2","Secured by a first lien","1","","","","5154","26.270000457763672","75200","106.44999694824219","873","1267",""
"2017","36-4327855","Department of Housing and Urban Development","HUD","7","Conventional","1","One-to-four family dwelling (other than manufactured housing)","1","Refinancing","3","Owner-occupied as a principal dwelling","1","320","Not applicable","3","Loan originated","1","Newark - NJ, PA","35084","New Jersey","NJ","34","Sussex County","37","3724.00","Not Hispanic or Latino","2","No co-applicant","5","White","5","","","","","","","","","No co-applicant","8","","","","","","","","","Female","2","No co-applicant","5","115","Freddie Mac (FHLMC)","3","","","","","","","","Not a HOEPA loan","2","Secured by a first lien","1","","","","2350","11.229999542236328","99800","103.72000122070312","713","903",""
"2017","80-0743699","Department of Housing and Urban Development","HUD","7","Conventional","1","One-to-four family dwelling (other than manufactured housing)","1","Refinancing","3","Owner-occupied as a principal dwelling","1","200","Not applicable","3","Application withdrawn by applicant","4","","","New Jersey","NJ","34","","","","Information not provided by applicant in mail, Internet, or telephone application","3","Information not provided by applicant in mail, Internet, or telephone application","3","Information not provided by applicant in mail, Internet, or telephone application","6","","","","","","","","","Information not provided by applicant in mail, Internet, or telephone application","6","","","","","","","","","Information not provided by applicant in mail, Internet, or telephone application","3","Information not provided by applicant in mail, Internet, or telephone application","3","","Loan was not originated or was not sold in calendar year covered by register","0","","","","","","","","Not a HOEPA loan","2","Secured by a first lien","1","","","","","","","","","",""
"2017","7516800003","Department of Housing and Urban Development","HUD","7","FHA-insured","2","One-to-four family dwelling (other than manufactured housing)","1","Refinancing","3","Owner-occupied as a principal dwelling","1","143","Not applicable","3","File closed for incompleteness","5","Camden - NJ","15804","New Jersey","NJ","34","Burlington County","5","7022.08","Not Hispanic or Latino","2","No co-applicant","5","White","5","","","","","","","","","No co-applicant","8","","","","","","","","","Male","1","No co-applicant","5","","Loan was not originated or was not sold in calendar year covered by register","0","","","","","","","","Not a HOEPA loan","2","Secured by a first lien","1","","","","7048","34.790000915527344","91500","99.66999816894531","1984","2563",""
"2017","7197000003","Department of Housing and Urban Development","HUD","7","Conventional","1","One-to-four family dwelling (other than manufactured housing)","1","Refinancing","3","Owner-occupied as a principal dwelling","1","227","Not applicable","3","Loan originated","1","New York, Jersey City, White Plains - NY, NJ","35614","New Jersey","NJ","34","Hudson County","17","0188.00","Information not provided by applicant in mail, Internet, or telephone application","3","No co-applicant","5","Information not provided by applicant in mail, Internet, or telephone application","6","","","","","","","","","No co-applicant","8","","","","","","","","","Information not provided by applicant in mail, Internet, or telephone application","3","No co-applicant","5","130","Fannie Mae (FNMA)","1","","","","","","","","Not a HOEPA loan","2","Secured by a first lien","1","","","","3234","18.610000610351562","73700","194.44000244140625","623","1165",""
"2017","80-0743699","Department of Housing and Urban Development","HUD","7","Conventional","1","One-to-four family dwelling (other than manufactured housing)","1","Home purchase","1","Owner-occupied as a principal dwelling","1","473","Preapproval was not requested","2","File closed for incompleteness","5","","","New Jersey","NJ","34","","","","Information not provided by applicant in mail, Internet, or telephone application","3","No co-applicant","5","Information not provided by applicant in mail, Internet, or telephone application","6","","","","","","","","","No co-applicant","8","","","","","","","","","Information not provided by applicant in mail, Internet, or telephone application","3","No co-applicant","5","180","Loan was not originated or was not sold in calendar year covered by register","0","","","","","","","","Not a HOEPA loan","2","Secured by a first lien","1","","","","","","","","","",""
"2017","27-2389039","Department of Housing and Urban Development","HUD","7","VA-guaranteed","3","One-to-four family dwelling (other than manufactured housing)","1","Home purchase","1","Owner-occupied as a principal dwelling","1","248","Preapproval was not requested","2","Loan originated","1","Allentown, Bethlehem, Easton - PA, NJ","10900","New Jersey","NJ","34","Warren County","41","0314.01","Not Hispanic or Latino","2","No co-applicant","5","White","5","","","","","","","","","No co-applicant","8","","","","","","","","","Female","2","No co-applicant","5","80","Loan was not originated or was not sold in calendar year covered by register","0","","","","","","","","Not a HOEPA loan","2","Secured by a first lien","1","","","","4425","30.530000686645508","75200","126.56999969482422","994","1334",""
"2017","80-0743699","Department of Housing and Urban Development","HUD","7","FHA-insured","2","One-to-four family dwelling (other than manufactured housing)","1","Home purchase","1","Owner-occupied as a principal dwelling","1","175","Preapproval was not requested","2","Loan originated","1","Newark - NJ, PA","35084","New Jersey","NJ","34","Sussex County","37","3733.00","Hispanic or Latino","1","No co-applicant","5","White","5","","","","","","","","","No co-applicant","8","","","","","","","","","Male","1","No co-applicant","5","249","Life insurance company, credit union, mortgage bank, or finance company","7","","","","","","","","Not a HOEPA loan","2","Secured by a first lien","1","","","","2889","16.75","99800","131.64999389648438","868","1018",""
"2017","80-0743699","Department of Housing and Urban Development","HUD","7","FHA-insured","2","One-to-four family dwelling (other than manufactured housing)","1","Home purchase","1","Owner-occupied as a principal dwelling","1","162","Preapproval was not requested","2","Application withdrawn by applicant","4","","","New Jersey","NJ","34","","","","Information not provided by applicant in mail, Internet, or telephone application","3","No co-applicant","5","Information not provided by applicant in mail, Internet, or telephone application","6","","","","","","","","","No co-applicant","8","","","","","","","","","Information not provided by applicant in mail, Internet, or telephone application","3","No co-applicant","5","36","Loan was not originated or was not sold in calendar year covered by register","0","","","","","","","","Not a HOEPA loan","2","Secured by a first lien","1","","","","","","","","","",""
"2017","0000694904","Consumer Financial Protection Bureau","CFPB","9","Conventional","1","One-to-four family dwelling (other than manufactured housing)","1","Home purchase","1","Owner-occupied as a principal dwelling","1","130","Not applicable","3","Loan purchased by the institution","6","Newark - NJ, PA","35084","New Jersey","NJ","34","Essex County","13","0136.00","Not Hispanic or Latino","2","No co-applicant","5","White","5","","","","","","","","","No co-applicant","8","","","","","","","","","Male","1","No co-applicant","5","49","Fannie Mae (FNMA)","1","","","","","","","","Not a HOEPA loan","2","Not applicable","4","","","","6075","43.33000183105469","99800","118.80999755859375","1616","1923",""
"2017","0000852218","Consumer Financial Protection Bureau","CFPB","9","Conventional","1","One-to-four family dwelling (other than manufactured housing)","1","Home purchase","1","Owner-occupied as a principal dwelling","1","511","Not applicable","3","Loan purchased by the institution","6","New York, Jersey City, White Plains - NY, NJ","35614","New Jersey","NJ","34","Hudson County","17","0187.02","Information not provided by applicant in mail, Internet, or telephone application","3","Not Hispanic or Latino","2","Information not provided by applicant in mail, Internet, or telephone application","6","","","","","","","","","White","5","","","","","","","","","Information not provided by applicant in mail, Internet, or telephone application","3","Male","1","500","Loan was not originated or was not sold in calendar year covered by register","0","","","","","","","","Not a HOEPA loan","2","Not applicable","4","","","","4367","33.09000015258789","73700","155.33999633789062","634","742",""
"2017","46-3435079","Department of Housing and Urban Development","HUD","7","VA-guaranteed","3","One-to-four family dwelling (other than manufactured housing)","1","Refinancing","3","Owner-occupied as a principal dwelling","1","299","Not applicable","3","Application denied by financial institution","3","","","New Jersey","NJ","34","","","","Information not provided by applicant in mail, Internet, or telephone application","3","No co-applicant","5","Information not provided by applicant in mail, Internet, or telephone application","6","","","","","","","","","No co-applicant","8","","","","","","","","","Male","1","No co-applicant","5","58","Loan was not originated or was not sold in calendar year covered by register","0","Debt-to-income ratio","1","","","","","","Not a HOEPA loan","2","Secured by a first lien","1","","","","","","","","","",""
"2017","0000451965","Consumer Financial Protection Bureau","CFPB","9","Conventional","1","One-to-four family dwelling (other than manufactured housing)","1","Refinancing","3","Owner-occupied as a principal dwelling","1","268","Not applicable","3","Loan originated","1","Allentown, Bethlehem, Easton - PA, NJ","10900","New Jersey","NJ","34","Warren County","41","0314.01","Information not provided by applicant in mail, Internet, or telephone application","3","Information not provided by applicant in mail, Internet, or telephone application","3","Information not provided by applicant in mail, Internet, or telephone application","6","","","","","","","","","Information not provided by applicant in mail, Internet, or telephone application","6","","","","","","","","","Information not provided by applicant in mail, Internet, or telephone application","3","Information not provided by applicant in mail, Internet, or telephone application","3","110","Fannie Mae (FNMA)","1","","","","","","","","Not a HOEPA loan","2","Secured by a first lien","1","","","","4425","30.530000686645508","75200","126.56999969482422","994","1334",""
"2017","0000501105","Consumer Financial Protection Bureau","CFPB","9","FHA-insured","2","One-to-four family dwelling (other than manufactured housing)","1","Home purchase","1","Owner-occupied as a principal dwelling","1","245","Preapproval was not requested","2","Loan originated","1","Newark - NJ, PA","35084","New Jersey","NJ","34","Union County","39","0397.00","Not Hispanic or Latino","2","No co-applicant","5","Black or African American","3","","","","","","","","","No co-applicant","8","","","","","","","","","Female","2","No co-applicant","5","124","Ginnie Mae (GNMA)","2","","","","","","","","Not a HOEPA loan","2","Secured by a first lien","1","","","","4983","86.1500015258789","99800","94.55000305175781","1131","1507",""
"2017","80-0743699","Department of Housing and Urban Development","HUD","7","FHA-insured","2","One-to-four family dwelling (other than manufactured housing)","1","Home purchase","1","Owner-occupied as a principal dwelling","1","236","Preapproval was not requested","2","File closed for incompleteness","5","","","New Jersey","NJ","34","","","","Information not provided by applicant in mail, Internet, or telephone application","3","Information not provided by applicant in mail, Internet, or telephone application","3","Information not provided by applicant in mail, Internet, or telephone application","6","","","","","","","","","Information not provided by applicant in mail, Internet, or telephone application","6","","","","","","","","","Information not provided by applicant in mail, Internet, or telephone application","3","Information not provided by applicant in mail, Internet, or telephone application","3","72","Loan was not originated or was not sold in calendar year covered by register","0","","","","","","","","Not a HOEPA loan","2","Secured by a first lien","1","","","","","","","","","",""
"2017","0000701997","Office of the Comptroller of the Currency","OCC","1","Conventional","1","One-to-four family dwelling (other than manufactured housing)","1","Home purchase","1","Owner-occupied as a principal dwelling","1","441","Not applicable","3","Loan originated","1","Newark - NJ, PA","35084","New Jersey","NJ","34","Morris County","27","0433.03","Not Hispanic or Latino","2","No co-applicant","5","White","5","","","","","","","","","No co-applicant","8","","","","","","","","","Male","1","No co-applicant","5","174","Loan was not originated or was not sold in calendar year covered by register","0","","","","","","","","Not a HOEPA loan","2","Secured by a first lien","1","","","","3713","13.0600004196167","99800","174.41000366210938","1375","1418",""
"2017","0000451965","Consumer Financial Protection Bureau","CFPB","9","Conventional","1","One-to-four family dwelling (other than manufactured housing)","1","Home improvement","2","Owner-occupied as a principal dwelling","1","4","Not applicable","3","Loan originated","1","Atlantic City, Hammonton - NJ","12100","New Jersey","NJ","34","Atlantic County","1","0101.01","Not Hispanic or Latino","2","No co-applicant","5","White","5","","","","","","","","","No co-applicant","8","","","","","","","","","Male","1","No co-applicant","5","130","Loan was not originated or was not sold in calendar year covered by register","0","","","","","","","","Not a HOEPA loan","2","Not secured by a lien","3","","","","3297","4.489999771118164","67200","141.35000610351562","1226","2302",""
"2017","80-0743699","Department of Housing and Urban Development","HUD","7","Conventional","1","One-to-four family dwelling (other than manufactured housing)","1","Home purchase","1","Owner-occupied as a principal dwelling","1","260","Preapproval was not requested","2","File closed for incompleteness","5","","","New Jersey","NJ","34","","","","Information not provided by applicant in mail, Internet, or telephone application","3","No co-applicant","5","Information not provided by applicant in mail, Internet, or telephone application","6","","","","","","","","","No co-applicant","8","","","","","","","","","Information not provided by applicant in mail, Internet, or telephone application","3","No co-applicant","5","","Loan was not originated or was not sold in calendar year covered by register","0","","","","","","","","Not a HOEPA loan","2","Secured by a first lien","1","","","","","","","","","",""
"2017","0000817824","Consumer Financial Protection Bureau","CFPB","9","Conventional","1","One-to-four family dwelling (other than manufactured housing)","1","Refinancing","3","Owner-occupied as a principal dwelling","1","100","Not applicable","3","Loan originated","1","Allentown, Bethlehem, Easton - PA, NJ","10900","New Jersey","NJ","34","Warren County","41","0313.02","Information not provided by applicant in mail, Internet, or telephone application","3","No co-applicant","5","Information not provided by applicant in mail, Internet, or telephone application","6","","","","","","","","","No co-applicant","8","","","","","","","","","Male","1","No co-applicant","5","62","Loan was not originated or was not sold in calendar year covered by register","0","","","","","","","","Not a HOEPA loan","2","Secured by a first lien","1","","","","4499","10.489999771118164","75200","163.8300018310547","1825","1833",""
"2017","26-4599244","Department of Housing and Urban Development","HUD","7","Conventional","1","One-to-four family dwelling (other than manufactured housing)","1","Refinancing","3","Owner-occupied as a principal dwelling","1","188","Not applicable","3","Loan originated","1","New York, Jersey City, White Plains - NY, NJ","35614","New Jersey","NJ","34","Middlesex County","23","0085.04","Not Hispanic or Latino","2","Not Hispanic or Latino","2","Asian","2","","","","","","","","","Asian","2","","","","","","","","","Male","1","Female","2","58","Freddie Mac (FHLMC)","3","","","","","","","","Not a HOEPA loan","2","Secured by a first lien","1","","","","6278","46.209999084472656","73700","188.64999389648438","1880","1806",""
"2017","80-0743699","Department of Housing and Urban Development","HUD","7","FHA-insured","2","One-to-four family dwelling (other than manufactured housing)","1","Home purchase","1","Owner-occupied as a principal dwelling","1","150","Preapproval was not requested","2","File closed for incompleteness","5","","","New Jersey","NJ","34","","","","Information not provided by applicant in mail, Internet, or telephone application","3","No co-applicant","5","Information not provided by applicant in mail, Internet, or telephone application","6","","","","","","","","","No co-applicant","8","","","","","","","","","Information not provided by applicant in mail, Internet, or telephone application","3","No co-applicant","5","","Loan was not originated or was not sold in calendar year covered by register","0","","","","","","","","Not a HOEPA loan","2","Secured by a first lien","1","","","","","","","","","",""
"2017","22-3039688","Department of Housing and Urban Development","HUD","7","VA-guaranteed","3","One-to-four family dwelling (other than manufactured housing)","1","Refinancing","3","Owner-occupied as a principal dwelling","1","306","Not applicable","3","Loan originated","1","Wilmington - DE, MD, NJ","48864","New Jersey","NJ","34","Salem County","33","0212.01","Not Hispanic or Latino","2","Not Hispanic or Latino","2","White","5","","","","","","","","","White","5","","","","","","","","","Male","1","Female","2","174","Ginnie Mae (GNMA)","2","","","","","","","","Not a HOEPA loan","2","Secured by a first lien","1","","","","3344","8.520000457763672","81400","107.51000213623047","1038","1333",""
"2017","7851800005","Department of Housing and Urban Development","HUD","7","Conventional","1","One-to-four family dwelling (other than manufactured housing)","1","Refinancing","3","Owner-occupied as a principal dwelling","1","1240","Not applicable","3","Application approved but not accepted","2","New York, Jersey City, White Plains - NY, NJ","35614","New Jersey","NJ","34","Bergen County","3","0473.00","Not Hispanic or Latino","2","Not Hispanic or Latino","2","White","5","","","","","","","","","White","5","","","","","","","","","Male","1","Female","2","511","Loan was not originated or was not sold in calendar year covered by register","0","","","","","","","","Not a HOEPA loan","2","Secured by a first lien","1","","","","3062","14.5","73700","346.989990234375","878","976",""
"2017","80-0743699","Department of Housing and Urban Development","HUD","7","Conventional","1","One-to-four family dwelling (other than manufactured housing)","1","Home purchase","1","Not owner-occupied as a principal dwelling","2","93","Preapproval was not requested","2","File closed for incompleteness","5","","","New Jersey","NJ","34","","","","Information not provided by applicant in mail, Internet, or telephone application","3","Information not provided by applicant in mail, Internet, or telephone application","3","Information not provided by applicant in mail, Internet, or telephone application","6","","","","","","","","","Information not provided by applicant in mail, Internet, or telephone application","6","","","","","","","","","Information not provided by applicant in mail, Internet, or telephone application","3","Information not provided by applicant in mail, Internet, or telephone application","3","92","Loan was not originated or was not sold in calendar year covered by register","0","","","","","","","","Not a HOEPA loan","2","Secured by a first lien","1","","","","","","","","","",""
"2017","0000012311","Consumer Financial Protection Bureau","CFPB","9","VA-guaranteed","3","One-to-four family dwelling (other than manufactured housing)","1","Home purchase","1","Owner-occupied as a principal dwelling","1","173","Not applicable","3","Loan originated","1","Allentown, Bethlehem, Easton - PA, NJ","10900","New Jersey","NJ","34","Warren County","41","0313.01","Information not provided by applicant in mail, Internet, or telephone application","3","Information not provided by applicant in mail, Internet, or telephone application","3","Information not provided by applicant in mail, Internet, or telephone application","6","","","","","","","","","Information not provided by applicant in mail, Internet, or telephone application","6","","","","","","","","","Information not provided by applicant in mail, Internet, or telephone application","3","Information not provided by applicant in mail, Internet, or telephone application","3","56","Ginnie Mae (GNMA)","2","","","","","","","","Not a HOEPA loan","2","Secured by a first lien","1","","","","5555","10.510000228881836","75200","136.47000122070312","1856","2066",""
"2017","0003303298","Consumer Financial Protection Bureau","CFPB","9","Conventional","1","One-to-four family dwelling (other than manufactured housing)","1","Home improvement","2","Owner-occupied as a principal dwelling","1","850","Not applicable","3","Loan originated","1","New York, Jersey City, White Plains - NY, NJ","35614","New Jersey","NJ","34","Bergen County","3","0532.00","Not Hispanic or Latino","2","Not Hispanic or Latino","2","White","5","","","","","","","","","White","5","","","","","","","","","Male","1","Female","2","253","Loan was not originated or was not sold in calendar year covered by register","0","","","","","","","","Not a HOEPA loan","2","Secured by a first lien","1","","","","8335","23.610000610351562","73700","262.19000244140625","2312","2538",""
"2017","80-0743699","Department of Housing and Urban Development","HUD","7","Conventional","1","One-to-four family dwelling (other than manufactured housing)","1","Home purchase","1","Owner-occupied as a principal dwelling","1","335","Preapproval was not requested","2","File closed for incompleteness","5","","","New Jersey","NJ","34","","","","Information not provided by applicant in mail, Internet, or telephone application","3","No co-applicant","5","Information not provided by applicant in mail, Internet, or telephone application","6","","","","","","","","","No co-applicant","8","","","","","","","","","Information not provided by applicant in mail, Internet, or telephone application","3","No co-applicant","5","","Loan was not originated or was not sold in calendar year covered by register","0","","","","","","","","Not a HOEPA loan","2","Secured by a first lien","1","","","","","","","","","",""
"2017","0000018208","Federal Deposit Insurance Corporation","FDIC","3","Conventional","1","One-to-four family dwelling (other than manufactured housing)","1","Refinancing","3","Owner-occupied as a principal dwelling","1","540","Not applicable","3","Loan originated","1","New York, Jersey City, White Plains - NY, NJ","35614","New Jersey","NJ","34","Monmouth County","25","8102.00","Not Hispanic or Latino","2","Not Hispanic or Latino","2","White","5","","","","","","","","","White","5","","","","","","","","","Male","1","Female","2","171","Loan was not originated or was not sold in calendar year covered by register","0","","","","","","","","Not a HOEPA loan","2","Secured by a first lien","1","","","","12970","25.15999984741211","73700","206.0","3903","4066",""
"2017","0000852218","Consumer Financial Protection Bureau","CFPB","9","Conventional","1","One-to-four family dwelling (other than manufactured housing)","1","Refinancing","3","Owner-occupied as a principal dwelling","1","282","Not applicable","3","Application denied by financial institution","3","New York, Jersey City, White Plains - NY, NJ","35614","New Jersey","NJ","34","Bergen County","3","0541.00","Not Hispanic or Latino","2","Not Hispanic or Latino","2","Asian","2","","","","","","","","","Asian","2","","","","","","","","","Female","2","Male","1","48","Loan was not originated or was not sold in calendar year covered by register","0","Debt-to-income ratio","1","","","","","","Not a HOEPA loan","2","Secured by a first lien","1","","","","8776","85.4800033569336","73700","137.49000549316406","2010","2682",""
"2017","22-3470404","Department of Housing and Urban Development","HUD","7","FHA-insured","2","One-to-four family dwelling (other than manufactured housing)","1","Refinancing","3","Owner-occupied as a principal dwelling","1","222","Not applicable","3","Application withdrawn by applicant","4","","","New Jersey","NJ","34","","","","Information not provided by applicant in mail, Internet, or telephone application","3","No co-applicant","5","Information not provided by applicant in mail, Internet, or telephone application","6","","","","","","","","","No co-applicant","8","","","","","","","","","Information not provided by applicant in mail, Internet, or telephone application","3","No co-applicant","5","","Loan was not originated or was not sold in calendar year covered by register","0","","","","","","","","Not a HOEPA loan","2","Secured by a first lien","1","","","","","","","","","",""
"2017","2317700005","Department of Housing and Urban Development","HUD","7","Conventional","1","One-to-four family dwelling (other than manufactured housing)","1","Home purchase","1","Owner-occupied as a principal dwelling","1","252","Not applicable","3","Loan originated","1","Allentown, Bethlehem, Easton - PA, NJ","10900","New Jersey","NJ","34","Warren County","41","0313.01","Information not provided by applicant in mail, Internet, or telephone application","3","Information not provided by applicant in mail, Internet, or telephone application","3","Information not provided by applicant in mail, Internet, or telephone application","6","","","","","","","","","Information not provided by applicant in mail, Internet, or telephone application","6","","","","","","","","","Male","1","Information not provided by applicant in mail, Internet, or telephone application","3","103","Life insurance company, credit union, mortgage bank, or finance company","7","","","","","","","","Not a HOEPA loan","2","Secured by a first lien","1","","","","5555","10.510000228881836","75200","136.47000122070312","1856","2066",""
"2017","0000451965","Consumer Financial Protection Bureau","CFPB","9","Conventional","1","One-to-four family dwelling (other than manufactured housing)","1","Home purchase","1","Owner-occupied as a principal dwelling","1","650","Not applicable","3","Loan originated","1","New York, Jersey City, White Plains - NY, NJ","35614","New Jersey","NJ","34","Bergen County","3","0193.06","Not Hispanic or Latino","2","No co-applicant","5","Asian","2","","","","","","","","","No co-applicant","8","","","","","","","","","Male","1","No co-applicant","5","175","Loan was not originated or was not sold in calendar year covered by register","0","","","","","","","","Not a HOEPA loan","2","Secured by a first lien","1","","","","2101","36.599998474121094","73700","166.38999938964844","668","512",""
"2017","80-0743699","Department of Housing and Urban Development","HUD","7","Conventional","1","One-to-four family dwelling (other than manufactured housing)","1","Home improvement","2","Owner-occupied as a principal dwelling","1","232","Not applicable","3","File closed for incompleteness","5","","","New Jersey","NJ","34","","","","Information not provided by applicant in mail, Internet, or telephone application","3","No co-applicant","5","Information not provided by applicant in mail, Internet, or telephone application","6","","","","","","","","","No co-applicant","8","","","","","","","","","Information not provided by applicant in mail, Internet, or telephone application","3","No co-applicant","5","133","Loan was not originated or was not sold in calendar year covered by register","0","","","","","","","","Not a HOEPA loan","2","Secured by a first lien","1","","","","","","","","","",""
"2017","2317700005","Department of Housing and Urban Development","HUD","7","Conventional","1","One-to-four family dwelling (other than manufactured housing)","1","Home purchase","1","Owner-occupied as a principal dwelling","1","335","Not applicable","3","Loan originated","1","Newark - NJ, PA","35084","New Jersey","NJ","34","Union County","39","0371.00","Not Hispanic or Latino","2","No co-applicant","5","White","5","","","","","","","","","No co-applicant","8","","","","","","","","","Female","2","No co-applicant","5","84","Life insurance company, credit union, mortgage bank, or finance company","7","","","","","","","","Not a HOEPA loan","2","Secured by a first lien","1","","","","4365","6.03000020980835","99800","157.97999572753906","1410","1488",""
"2017","80-0743699","Department of Housing and Urban Development","HUD","7","VA-guaranteed","3","One-to-four family dwelling (other than manufactured housing)","1","Home purchase","1","Owner-occupied as a principal dwelling","1","175","Preapproval was not requested","2","Loan originated","1","Camden - NJ","15804","New Jersey","NJ","34","Camden County","7","6075.06","Not Hispanic or Latino","2","No co-applicant","5","Information not provided by applicant in mail, Internet, or telephone application","6","","","","","","","","","No co-applicant","8","","","","","","","","","Male","1","No co-applicant","5","69","Life insurance company, credit union, mortgage bank, or finance company","7","","","","","","","01.51","Not a HOEPA loan","2","Secured by a first lien","1","","","","3155","42.56999969482422","91500","112.69999694824219","588","808",""
"2017","0000817824","Consumer Financial Protection Bureau","CFPB","9","Conventional","1","One-to-four family dwelling (other than manufactured housing)","1","Refinancing","3","Owner-occupied as a principal dwelling","1","165","Not applicable","3","Application denied by financial institution","3","Allentown, Bethlehem, Easton - PA, NJ","10900","New Jersey","NJ","34","Warren County","41","0324.00","Information not provided by applicant in mail, Internet, or telephone application","3","No co-applicant","5","Information not provided by applicant in mail, Internet, or telephone application","6","","","","","","","","","No co-applicant","8","","","","","","","","","Male","1","No co-applicant","5","73","Loan was not originated or was not sold in calendar year covered by register","0","Collateral","4","","","","","","Not a HOEPA loan","2","Secured by a first lien","1","","","","2272","9.949999809265137","75200","98.26000213623047","665","943",""
"2017","13-6131491","Department of Housing and Urban Development","HUD","7","Conventional","1","One-to-four family dwelling (other than manufactured housing)","1","Home purchase","1","Owner-occupied as a principal dwelling","1","302","Not applicable","3","Loan originated","1","Allentown, Bethlehem, Easton - PA, NJ","10900","New Jersey","NJ","34","Warren County","41","0312.00","Not Hispanic or Latino","2","No co-applicant","5","Information not provided by applicant in mail, Internet, or telephone application","6","","","","","","","","","No co-applicant","8","","","","","","","","","Information not provided by applicant in mail, Internet, or telephone application","3","No co-applicant","5","118","Freddie Mac (FHLMC)","3","","","","","","","","Not a HOEPA loan","2","Secured by a first lien","1","","","","7757","9.09000015258789","75200","138.3699951171875","2391","3118",""
"2017","46-0530020","Department of Housing and Urban Development","HUD","7","FHA-insured","2","One-to-four family dwelling (other than manufactured housing)","1","Refinancing","3","Owner-occupied as a principal dwelling","1","180","Not applicable","3","Loan purchased by the institution","6","New York, Jersey City, White Plains - NY, NJ","35614","New Jersey","NJ","34","Middlesex County","23","0018.05","Not Hispanic or Latino","2","Not Hispanic or Latino","2","White","5","","","","","","","","","White","5","","","","","","","","","Male","1","Female","2","32","Ginnie Mae (GNMA)","2","","","","","","","","Not a HOEPA loan","2","Not applicable","4","","","","5063","57.54999923706055","73700","133.72999572753906","1048","1183",""
"2017","80-0743699","Department of Housing and Urban Development","HUD","7","FHA-insured","2","One-to-four family dwelling (other than manufactured housing)","1","Home purchase","1","Owner-occupied as a principal dwelling","1","73","Preapproval was not requested","2","File closed for incompleteness","5","","","New Jersey","NJ","34","","","","Information not provided by applicant in mail, Internet, or telephone application","3","No co-applicant","5","Information not provided by applicant in mail, Internet, or telephone application","6","","","","","","","","","No co-applicant","8","","","","","","","","","Female","2","No co-applicant","5","120","Loan was not originated or was not sold in calendar year covered by register","0","","","","","","","","Not a HOEPA loan","2","Secured by a first lien","1","","","","","","","","","",""
"2017","20-8921389","Department of Housing and Urban Development","HUD","7","Conventional","1","One-to-four family dwelling (other than manufactured housing)","1","Home purchase","1","Owner-occupied as a principal dwelling","1","202","Not applicable","3","Loan originated","1","New York, Jersey City, White Plains - NY, NJ","35614","New Jersey","NJ","34","Middlesex County","23","0082.07","Not Hispanic or Latino","2","No co-applicant","5","White","5","","","","","","","","","No co-applicant","8","","","","","","","","","Female","2","No co-applicant","5","87","Fannie Mae (FNMA)","1","","","","","","","","Not a HOEPA loan","2","Secured by a first lien","1","","","","2570","5.449999809265137","73700","101.94000244140625","1405","1409",""
"2017","0000852218","Consumer Financial Protection Bureau","CFPB","9","Conventional","1","One-to-four family dwelling (other than manufactured housing)","1","Refinancing","3","Not owner-occupied as a principal dwelling","2","1500","Not applicable","3","Loan originated","1","Ocean City - NJ","36140","New Jersey","NJ","34","Cape May County","9","0209.01","Not Hispanic or Latino","2","No co-applicant","5","White","5","","","","","","","","","No co-applicant","8","","","","","","","","","Male","1","No co-applicant","5","1398","Loan was not originated or was not sold in calendar year covered by register","0","","","","","","","","Not a HOEPA loan","2","Secured by a first lien","1","","","","875","2.4000000953674316","73400","132.52999877929688","354","2818",""
"2017","0000497404","Consumer Financial Protection Bureau","CFPB","9","Conventional","1","One-to-four family dwelling (other than manufactured housing)","1","Home improvement","2","Owner-occupied as a principal dwelling","1","8","Not applicable","3","Application denied by financial institution","3","Allentown, Bethlehem, Easton - PA, NJ","10900","New Jersey","NJ","34","Warren County","41","0324.00","Not Hispanic or Latino","2","No co-applicant","5","White","5","","","","","","","","","No co-applicant","8","","","","","","","","","Female","2","No co-applicant","5","10","Loan was not originated or was not sold in calendar year covered by register","0","Debt-to-income ratio","1","","","","","","Not a HOEPA loan","2","Not secured by a lien","3","","","","2272","9.949999809265137","75200","98.26000213623047","665","943",""
"2017","7197000003","Department of Housing and Urban Development","HUD","7","Conventional","1","One-to-four family dwelling (other than manufactured housing)","1","Refinancing","3","Owner-occupied as a principal dwelling","1","209","Not applicable","3","Loan originated","1","Allentown, Bethlehem, Easton - PA, NJ","10900","New Jersey","NJ","34","Warren County","41","0312.00","Not Hispanic or Latino","2","Not Hispanic or Latino","2","Information not provided by applicant in mail, Internet, or telephone application","6","","","","","","","","","Information not provided by applicant in mail, Internet, or telephone application","6","","","","","","","","","Information not provided by applicant in mail, Internet, or telephone application","3","Information not provided by applicant in mail, Internet, or telephone application","3","102","Freddie Mac (FHLMC)","3","","","","","","","","Not a HOEPA loan","2","Secured by a first lien","1","","","","7757","9.09000015258789","75200","138.3699951171875","2391","3118",""
"2017","0000617677","Consumer Financial Protection Bureau","CFPB","9","VA-guaranteed","3","One-to-four family dwelling (other than manufactured housing)","1","Home purchase","1","Owner-occupied as a principal dwelling","1","286","Preapproval was not requested","2","Application withdrawn by applicant","4","Newark - NJ, PA","35084","New Jersey","NJ","34","Morris County","27","0452.00","Not Hispanic or Latino","2","No co-applicant","5","White","5","","","","","","","","","No co-applicant","8","","","","","","","","","Female","2","No co-applicant","5","80","Loan was not originated or was not sold in calendar year covered by register","0","","","","","","","","Not a HOEPA loan","2","Secured by a first lien","1","","","","3649","28.690000534057617","99800","108.05000305175781","1029","1192",""
"2017","80-0743699","Department of Housing and Urban Development","HUD","7","FHA-insured","2","One-to-four family dwelling (other than manufactured housing)","1","Home purchase","1","Owner-occupied as a principal dwelling","1","338","Preapproval was not requested","2","File closed for incompleteness","5","","","New Jersey","NJ","34","","","","Information not provided by applicant in mail, Internet, or telephone application","3","Information not provided by applicant in mail, Internet, or telephone application","3","Information not provided by applicant in mail, Internet, or telephone application","6","","","","","","","","","Information not provided by applicant in mail, Internet, or telephone application","6","","","","","","","","","Information not provided by applicant in mail, Internet, or telephone application","3","Information not provided by applicant in mail, Internet, or telephone application","3","54","Loan was not originated or was not sold in calendar year covered by register","0","","","","","","","","Not a HOEPA loan","2","Secured by a first lien","1","","","","","","","","","",""
"2017","0000852320","Consumer Financial Protection Bureau","CFPB","9","Conventional","1","One-to-four family dwelling (other than manufactured housing)","1","Home improvement","2","Owner-occupied as a principal dwelling","1","50","Not applicable","3","Loan originated","1","Vineland, Bridgeton - NJ","47220","New Jersey","NJ","34","Cumberland County","11","0408.00","Not Hispanic or Latino","2","No co-applicant","5","White","5","","","","","","","","","No co-applicant","8","","","","","","","","","Female","2","No co-applicant","5","60","Loan was not originated or was not sold in calendar year covered by register","0","","","","","","","","Not a HOEPA loan","2","Not secured by a lien","3","","","","5201","29.1299991607666","54200","194.99000549316406","1581","1746",""
"2017","7811300008","Department of Housing and Urban Development","HUD","7","FHA-insured","2","One-to-four family dwelling (other than manufactured housing)","1","Refinancing","3","Owner-occupied as a principal dwelling","1","209","Not applicable","3","Application withdrawn by applicant","4","Trenton - NJ","45940","New Jersey","NJ","34","Mercer County","21","0029.02","Not Hispanic or Latino","2","No co-applicant","5","Black or African American","3","","","","","","","","","No co-applicant","8","","","","","","","","","Female","2","No co-applicant","5","71","Loan was not originated or was not sold in calendar year covered by register","0","","","","","","","","Not a HOEPA loan","2","Secured by a first lien","1","","","","4666","51.7400016784668","95400","69.38999938964844","923","1500",""
"2017","0000451965","Consumer Financial Protection Bureau","CFPB","9","Conventional","1","One-to-four family dwelling (other than manufactured housing)","1","Home purchase","1","Owner-occupied as a principal dwelling","1","151","Not applicable","3","Loan purchased by the institution","6","Allentown, Bethlehem, Easton - PA, NJ","10900","New Jersey","NJ","34","Warren County","41","0324.00","Information not provided by applicant in mail, Internet, or telephone application","3","Information not provided by applicant in mail, Internet, or telephone application","3","Information not provided by applicant in mail, Internet, or telephone application","6","","","","","","","","","Information not provided by applicant in mail, Internet, or telephone application","6","","","","","","","","","Information not provided by applicant in mail, Internet, or telephone application","3","Information not provided by applicant in mail, Internet, or telephone application","3","64","Fannie Mae (FNMA)","1","","","","","","","","Not a HOEPA loan","2","Not applicable","4","","","","2272","9.949999809265137","75200","98.26000213623047","665","943",""
"2017","22-3665409","Department of Housing and Urban Development","HUD","7","Conventional","1","One-to-four family dwelling (other than manufactured housing)","1","Home purchase","1","Owner-occupied as a principal dwelling","1","299","Not applicable","3","Loan originated","1","Allentown, Bethlehem, Easton - PA, NJ","10900","New Jersey","NJ","34","Warren County","41","0312.00","Information not provided by applicant in mail, Internet, or telephone application","3","No co-applicant","5","Information not provided by applicant in mail, Internet, or telephone application","6","","","","","","","","","No co-applicant","8","","","","","","","","","Female","2","No co-applicant","5","101","Commercial bank, savings bank or savings association","6","","","","","","","","Not a HOEPA loan","2","Secured by a first lien","1","","","","7757","9.09000015258789","75200","138.3699951171875","2391","3118",""
"2017","0000236706","Federal Reserve System","FRS","2","Conventional","1","One-to-four family dwelling (other than manufactured housing)","1","Home purchase","1","Owner-occupied as a principal dwelling","1","300","Not applicable","3","Loan originated","1","Newark - NJ, PA","35084","New Jersey","NJ","34","Hunterdon County","19","0101.00","Not Hispanic or Latino","2","Not Hispanic or Latino","2","White","5","","","","","","","","","White","5","","","","","","","","","Male","1","Female","2","197","Life insurance company, credit union, mortgage bank, or finance company","7","","","","","","","","Not a HOEPA loan","2","Secured by a first lien","1","","","","5921","10.739999771118164","99800","174.57000732421875","2073","2493",""
"2017","80-0743699","Department of Housing and Urban Development","HUD","7","FHA-insured","2","One-to-four family dwelling (other than manufactured housing)","1","Home purchase","1","Owner-occupied as a principal dwelling","1","177","Preapproval was not requested","2","File closed for incompleteness","5","","","New Jersey","NJ","34","","","","Information not provided by applicant in mail, Internet, or telephone application","3","No co-applicant","5","Information not provided by applicant in mail, Internet, or telephone application","6","","","","","","","","","No co-applicant","8","","","","","","","","","Female","2","No co-applicant","5","33","Loan was not originated or was not sold in calendar year covered by register","0","","","","","","","","Not a HOEPA loan","2","Secured by a first lien","1","","","","","","","","","",""
"2017","0000023621","Federal Deposit Insurance Corporation","FDIC","3","Conventional","1","One-to-four family dwelling (other than manufactured housing)","1","Home purchase","1","Not owner-occupied as a principal dwelling","2","112","Not applicable","3","Loan purchased by the institution","6","New York, Jersey City, White Plains - NY, NJ","35614","New Jersey","NJ","34","Monmouth County","25","8108.00","Not Hispanic or Latino","2","Not Hispanic or Latino","2","Asian","2","","","","","","","","","Asian","2","","","","","","","","","Male","1","Female","2","270","Loan was not originated or was not sold in calendar year covered by register","0","","","","","","","","Not a HOEPA loan","2","Not applicable","4","","","","3214","75.33000183105469","73700","64.86000061035156","367","681",""
"2017","0000480228","Consumer Financial Protection Bureau","CFPB","9","FHA-insured","2","One-to-four family dwelling (other than manufactured housing)","1","Home purchase","1","Owner-occupied as a principal dwelling","1","171","Not applicable","3","Loan purchased by the institution","6","Camden - NJ","15804","New Jersey","NJ","34","Camden County","7","6031.00","Not Hispanic or Latino","2","No co-applicant","5","White","5","","","","","","","","","No co-applicant","8","","","","","","","","","Male","1","No co-applicant","5","44","Loan was not originated or was not sold in calendar year covered by register","0","","","","","","","","Not a HOEPA loan","2","Not applicable","4","","","","3793","40.599998474121094","91500","88.80999755859375","874","1463",""
"2017","0000030810","Consumer Financial Protection Bureau","CFPB","9","Conventional","1","One-to-four family dwelling (other than manufactured housing)","1","Home improvement","2","Owner-occupied as a principal dwelling","1","35","Not applicable","3","Application denied by financial institution","3","Allentown, Bethlehem, Easton - PA, NJ","10900","New Jersey","NJ","34","Warren County","41","0324.00","Not Hispanic or Latino","2","No co-applicant","5","Information not provided by applicant in mail, Internet, or telephone application","6","","","","","","","","","No co-applicant","8","","","","","","","","","Female","2","No co-applicant","5","100","Loan was not originated or was not sold in calendar year covered by register","0","Collateral","4","","","","","","Not a HOEPA loan","2","Secured by a subordinate lien","2","","","","2272","9.949999809265137","75200","98.26000213623047","665","943",""
"2017","7197000003","Department of Housing and Urban Development","HUD","7","Conventional","1","One-to-four family dwelling (other than manufactured housing)","1","Refinancing","3","Owner-occupied as a principal dwelling","1","243","Not applicable","3","Loan originated","1","Allentown, Bethlehem, Easton - PA, NJ","10900","New Jersey","NJ","34","Warren County","41","0312.00","Information not provided by applicant in mail, Internet, or telephone application","3","No co-applicant","5","Information not provided by applicant in mail, Internet, or telephone application","6","","","","","","","","","No co-applicant","8","","","","","","","","","Male","1","No co-applicant","5","114","Fannie Mae (FNMA)","1","","","","","","","","Not a HOEPA loan","2","Secured by a first lien","1","","","","7757","9.09000015258789","75200","138.3699951171875","2391","3118",""
"2017","0002712969","Consumer Financial Protection Bureau","CFPB","9","Conventional","1","One-to-four family dwelling (other than manufactured housing)","1","Home purchase","1","Owner-occupied as a principal dwelling","1","350","Not applicable","3","Loan purchased by the institution","6","New York, Jersey City, White Plains - NY, NJ","35614","New Jersey","NJ","34","Monmouth County","25","8008.00","Not applicable","4","Not applicable","4","Not applicable","7","","","","","","","","","Not applicable","7","","","","","","","","","Not applicable","4","Not applicable","4","","Freddie Mac (FHLMC)","3","","","","","","","","Not a HOEPA loan","2","Not applicable","4","","","","6237","15.989999771118164","73700","163.0800018310547","2027","2145",""
"2017","80-0743699","Department of Housing and Urban Development","HUD","7","FHA-insured","2","One-to-four family dwelling (other than manufactured housing)","1","Home purchase","1","Owner-occupied as a principal dwelling","1","275","Preapproval was not requested","2","Application denied by financial institution","3","","","New Jersey","NJ","34","","","","Hispanic or Latino","1","Information not provided by applicant in mail, Internet, or telephone application","3","White","5","","","","","","","","","Information not provided by applicant in mail, Internet, or telephone application","6","","","","","","","","","Male","1","Information not provided by applicant in mail, Internet, or telephone application","3","56","Loan was not originated or was not sold in calendar year covered by register","0","Other","9","","","","","","Not a HOEPA loan","2","Secured by a first lien","1","","","","","","","","","",""
"2017","0002712969","Consumer Financial Protection Bureau","CFPB","9","Conventional","1","One-to-four family dwelling (other than manufactured housing)","1","Home purchase","1","Owner-occupied as a principal dwelling","1","290","Not applicable","3","Loan purchased by the institution","6","New York, Jersey City, White Plains - NY, NJ","35614","New Jersey","NJ","34","Monmouth County","25","8080.02","Not applicable","4","No co-applicant","5","Not applicable","7","","","","","","","","","No co-applicant","8","","","","","","","","","Not applicable","4","No co-applicant","5","","Fannie Mae (FNMA)","1","","","","","","","","Not a HOEPA loan","2","Not applicable","4","","","","2403","20.219999313354492","73700","135.13999938964844","726","829",""
"2017","7810600004","Department of Housing and Urban Development","HUD","7","Conventional","1","One-to-four family dwelling (other than manufactured housing)","1","Home purchase","1","Owner-occupied as a principal dwelling","1","353","Not applicable","3","Loan originated","1","New York, Jersey City, White Plains - NY, NJ","35614","New Jersey","NJ","34","Middlesex County","23","0001.00","Information not provided by applicant in mail, Internet, or telephone application","3","No co-applicant","5","Information not provided by applicant in mail, Internet, or telephone application","6","","","","","","","","","No co-applicant","8","","","","","","","","","Male","1","No co-applicant","5","70","Fannie Mae (FNMA)","1","","","","","","","","Not a HOEPA loan","2","Secured by a first lien","1","","","","7576","15.600000381469727","73700","176.22000122070312","2212","2556",""
"2017","0000675332","Consumer Financial Protection Bureau","CFPB","9","Conventional","1","One-to-four family dwelling (other than manufactured housing)","1","Home improvement","2","Owner-occupied as a principal dwelling","1","15","Not applicable","3","Loan originated","1","Allentown, Bethlehem, Easton - PA, NJ","10900","New Jersey","NJ","34","Warren County","41","0324.00","Information not provided by applicant in mail, Internet, or telephone application","3","No co-applicant","5","Information not provided by applicant in mail, Internet, or telephone application","6","","","","","","","","","No co-applicant","8","","","","","","","","","Information not provided by applicant in mail, Internet, or telephone application","3","No co-applicant","5","70","Loan was not originated or was not sold in calendar year covered by register","0","","","","","","","","Not a HOEPA loan","2","Not secured by a lien","3","","","","2272","9.949999809265137","75200","98.26000213623047","665","943",""
"2017","0000817824","Consumer Financial Protection Bureau","CFPB","9","Conventional","1","One-to-four family dwelling (other than manufactured housing)","1","Refinancing","3","Owner-occupied as a principal dwelling","1","91","Not applicable","3","Loan originated","1","Allentown, Bethlehem, Easton - PA, NJ","10900","New Jersey","NJ","34","Warren County","41","0312.00","Information not provided by applicant in mail, Internet, or telephone application","3","Information not provided by applicant in mail, Internet, or telephone application","3","Information not provided by applicant in mail, Internet, or telephone application","6","","","","","","","","","Information not provided by applicant in mail, Internet, or telephone application","6","","","","","","","","","Information not provided by applicant in mail, Internet, or telephone application","3","Information not provided by applicant in mail, Internet, or telephone application","3","263","Fannie Mae (FNMA)","1","","","","","","","","Not a HOEPA loan","2","Secured by a first lien","1","","","","7757","9.09000015258789","75200","138.3699951171875","2391","3118",""
"2017","75-2921540","Department of Housing and Urban Development","HUD","7","Conventional","1","One-to-four family dwelling (other than manufactured housing)","1","Home improvement","2","Owner-occupied as a principal dwelling","1","194","Not applicable","3","Loan originated","1","Camden - NJ","15804","New Jersey","NJ","34","Gloucester County","15","5012.12","Not Hispanic or Latino","2","No co-applicant","5","White","5","","","","","","","","","No co-applicant","8","","","","","","","","","Female","2","No co-applicant","5","82","Loan was not originated or was not sold in calendar year covered by register","0","","","","","","","","Not a HOEPA loan","2","Secured by a first lien","1","","","","3547","26.84000015258789","91500","102.41000366210938","1053","1235",""
"2017","80-0743699","Department of Housing and Urban Development","HUD","7","FHA-insured","2","One-to-four family dwelling (other than manufactured housing)","1","Home purchase","1","Owner-occupied as a principal dwelling","1","92","Preapproval was not requested","2","Application denied by financial institution","3","","","New Jersey","NJ","34","","","","Information not provided by applicant in mail, Internet, or telephone application","3","No co-applicant","5","Information not provided by applicant in mail, Internet, or telephone application","6","","","","","","","","","No co-applicant","8","","","","","","","","","Male","1","No co-applicant","5","26","Loan was not originated or was not sold in calendar year covered by register","0","","","","","","","","Not a HOEPA loan","2","Secured by a first lien","1","","","","","","","","","",""
"2017","2149009991","Department of Housing and Urban Development","HUD","7","Conventional","1","One-to-four family dwelling (other than manufactured housing)","1","Home purchase","1","Owner-occupied as a principal dwelling","1","636","Preapproval was not requested","2","Loan originated","1","New York, Jersey City, White Plains - NY, NJ","35614","New Jersey","NJ","34","Monmouth County","25","8009.00","Not Hispanic or Latino","2","No co-applicant","5","White","5","","","","","","","","","No co-applicant","8","","","","","","","","","Male","1","No co-applicant","5","219","Freddie Mac (FHLMC)","3","","","","","","","","Not a HOEPA loan","2","Secured by a first lien","1","","","","5863","11.220000267028809","73700","184.10000610351562","1828","2010",""
"2017","75-2921540","Department of Housing and Urban Development","HUD","7","Conventional","1","One-to-four family dwelling (other than manufactured housing)","1","Refinancing","3","Owner-occupied as a principal dwelling","1","150","Not applicable","3","Application withdrawn by applicant","4","Camden - NJ","15804","New Jersey","NJ","34","Camden County","7","6108.00","Not Hispanic or Latino","2","Not Hispanic or Latino","2","Black or African American","3","","","","","","","","","Black or African American","3","","","","","","","","","Female","2","Male","1","60","Loan was not originated or was not sold in calendar year covered by register","0","","","","","","","","Not a HOEPA loan","2","Secured by a first lien","1","","","","2845","62.459999084472656","91500","69.4000015258789","824","1112",""
"2017","0000852218","Consumer Financial Protection Bureau","CFPB","9","Conventional","1","One-to-four family dwelling (other than manufactured housing)","1","Home purchase","1","Owner-occupied as a principal dwelling","1","53","Not applicable","3","Application withdrawn by applicant","4","Allentown, Bethlehem, Easton - PA, NJ","10900","New Jersey","NJ","34","Warren County","41","0324.00","Not Hispanic or Latino","2","No co-applicant","5","Black or African American","3","","","","","","","","","No co-applicant","8","","","","","","","","","Male","1","No co-applicant","5","56","Loan was not originated or was not sold in calendar year covered by register","0","","","","","","","","Not a HOEPA loan","2","Secured by a first lien","1","","","","2272","9.949999809265137","75200","98.26000213623047","665","943",""
"2017","22-3665409","Department of Housing and Urban Development","HUD","7","Conventional","1","One-to-four family dwelling (other than manufactured housing)","1","Home purchase","1","Owner-occupied as a principal dwelling","1","344","Not applicable","3","Loan originated","1","Allentown, Bethlehem, Easton - PA, NJ","10900","New Jersey","NJ","34","Warren County","41","0312.00","Information not provided by applicant in mail, Internet, or telephone application","3","No co-applicant","5","Information not provided by applicant in mail, Internet, or telephone application","6","","","","","","","","","No co-applicant","8","","","","","","","","","Female","2","No co-applicant","5","355","Life insurance company, credit union, mortgage bank, or finance company","7","","","","","","","","Not a HOEPA loan","2","Secured by a first lien","1","","","","7757","9.09000015258789","75200","138.3699951171875","2391","3118",""
"2017","0004186591","Consumer Financial Protection Bureau","CFPB","9","FHA-insured","2","One-to-four family dwelling (other than manufactured housing)","1","Home purchase","1","Owner-occupied as a principal dwelling","1","241","Not applicable","3","Loan purchased by the institution","6","Newark - NJ, PA","35084","New Jersey","NJ","34","Sussex County","37","3733.00","Not applicable","4","Not applicable","4","Not applicable","7","","","","","","","","","Not applicable","7","","","","","","","","","Not applicable","4","Not applicable","4","","Ginnie Mae (GNMA)","2","","","","","","","","Not a HOEPA loan","2","Not applicable","4","","","","2889","16.75","99800","131.64999389648438","868","1018",""
"2017","80-0743699","Department of Housing and Urban Development","HUD","7","FHA-insured","2","One-to-four family dwelling (other than manufactured housing)","1","Home purchase","1","Owner-occupied as a principal dwelling","1","275","Preapproval was not requested","2","File closed for incompleteness","5","","","New Jersey","NJ","34","","","","Information not provided by applicant in mail, Internet, or telephone application","3","Information not provided by applicant in mail, Internet, or telephone application","3","Information not provided by applicant in mail, Internet, or telephone application","6","","","","","","","","","Information not provided by applicant in mail, Internet, or telephone application","6","","","","","","","","","Information not provided by applicant in mail, Internet, or telephone application","3","Information not provided by applicant in mail, Internet, or telephone application","3","","Loan was not originated or was not sold in calendar year covered by register","0","","","","","","","","Not a HOEPA loan","2","Secured by a first lien","1","","","","","","","","","",""
"2017","0000451965","Consumer Financial Protection Bureau","CFPB","9","Conventional","1","One-to-four family dwelling (other than manufactured housing)","1","Home purchase","1","Owner-occupied as a principal dwelling","1","300","Not applicable","3","Application withdrawn by applicant","4","New York, Jersey City, White Plains - NY, NJ","35614","New Jersey","NJ","34","Middlesex County","23","0079.05","Hispanic or Latino","1","Hispanic or Latino","1","White","5","","","","","","","","","White","5","","","","","","","","","Male","1","Female","2","158","Loan was not originated or was not sold in calendar year covered by register","0","","","","","","","","Not a HOEPA loan","2","Secured by a first lien","1","","","","2248","30.559999465942383","73700","120.4000015258789","736","812",""
"2017","75-2921540","Department of Housing and Urban Development","HUD","7","Conventional","1","One-to-four family dwelling (other than manufactured housing)","1","Refinancing","3","Not owner-occupied as a principal dwelling","2","224","Not applicable","3","Loan originated","1","New York, Jersey City, White Plains - NY, NJ","35614","New Jersey","NJ","34","Hudson County","17","0188.00","Not Hispanic or Latino","2","Not Hispanic or Latino","2","Asian","2","","","","","","","","","Asian","2","","","","","","","","","Female","2","Male","1","","Fannie Mae (FNMA)","1","","","","","","","","Not a HOEPA loan","2","Secured by a first lien","1","","","","3234","18.610000610351562","73700","194.44000244140625","623","1165",""
"2017","3028209994","Department of Housing and Urban Development","HUD","7","FHA-insured","2","One-to-four family dwelling (other than manufactured housing)","1","Home purchase","1","Owner-occupied as a principal dwelling","1","167","Not applicable","3","Application denied by financial institution","3","Allentown, Bethlehem, Easton - PA, NJ","10900","New Jersey","NJ","34","Warren County","41","0324.00","Not Hispanic or Latino","2","No co-applicant","5","White","5","","","","","","","","","No co-applicant","8","","","","","","","","","Male","1","No co-applicant","5","100","Loan was not originated or was not sold in calendar year covered by register","0","Collateral","4","Other","9","","","","Not a HOEPA loan","2","Secured by a first lien","1","","","","2272","9.949999809265137","75200","98.26000213623047","665","943",""
"2017","0000817824","Consumer Financial Protection Bureau","CFPB","9","Conventional","1","One-to-four family dwelling (other than manufactured housing)","1","Home improvement","2","Owner-occupied as a principal dwelling","1","81","Not applicable","3","Loan originated","1","Allentown, Bethlehem, Easton - PA, NJ","10900","New Jersey","NJ","34","Warren County","41","0311.02","Information not provided by applicant in mail, Internet, or telephone application","3","No co-applicant","5","Information not provided by applicant in mail, Internet, or telephone application","6","","","","","","","","","No co-applicant","8","","","","","","","","","Male","1","No co-applicant","5","69","Loan was not originated or was not sold in calendar year covered by register","0","","","","","","","","Not a HOEPA loan","2","Secured by a first lien","1","","","","3939","9.550000190734863","75200","153.25999450683594","1225","1424",""
"2017","20-8921389","Department of Housing and Urban Development","HUD","7","Conventional","1","One-to-four family dwelling (other than manufactured housing)","1","Home purchase","1","Owner-occupied as a principal dwelling","1","261","Not applicable","3","Application approved but not accepted","2","Camden - NJ","15804","New Jersey","NJ","34","Burlington County","5","7037.00","Not Hispanic or Latino","2","No co-applicant","5","White","5","","","","","","","","","No co-applicant","8","","","","","","","","","Male","1","No co-applicant","5","99","Loan was not originated or was not sold in calendar year covered by register","0","","","","","","","","Not a HOEPA loan","2","Secured by a first lien","1","","","","6447","5.829999923706055","91500","121.9800033569336","2128","2299",""
"2017","80-0743699","Department of Housing and Urban Development","HUD","7","FHA-insured","2","One-to-four family dwelling (other than manufactured housing)","1","Home purchase","1","Owner-occupied as a principal dwelling","1","145","Preapproval was not requested","2","File closed for incompleteness","5","","","New Jersey","NJ","34","","","","Information not provided by applicant in mail, Internet, or telephone application","3","No co-applicant","5","Information not provided by applicant in mail, Internet, or telephone application","6","","","","","","","","","No co-applicant","8","","","","","","","","","Information not provided by applicant in mail, Internet, or telephone application","3","No co-applicant","5","","Loan was not originated or was not sold in calendar year covered by register","0","","","","","","","","Not a HOEPA loan","2","Secured by a first lien","1","","","","","","","","","",""
"2017","0000003951","National Credit Union Administration","NCUA","5","Conventional","1","One-to-four family dwelling (other than manufactured housing)","1","Refinancing","3","Owner-occupied as a principal dwelling","1","125","Not applicable","3","Loan originated","1","Wilmington - DE, MD, NJ","48864","New Jersey","NJ","34","Salem County","33","0211.01","Not Hispanic or Latino","2","Not Hispanic or Latino","2","White","5","","","","","","","","","White","5","","","","","","","","","Male","1","Female","2","118","Life insurance company, credit union, mortgage bank, or finance company","7","","","","","","","","Not a HOEPA loan","2","Secured by a first lien","1","","","","4750","7.940000057220459","81400","104.12000274658203","1676","1888",""
"2017","0000451965","Consumer Financial Protection Bureau","CFPB","9","Conventional","1","One-to-four family dwelling (other than manufactured housing)","1","Home purchase","1","Owner-occupied as a principal dwelling","1","215","Not applicable","3","Loan purchased by the institution","6","Newark - NJ, PA","35084","New Jersey","NJ","34","Essex County","13","0149.00","Not Hispanic or Latino","2","No co-applicant","5","White","5","","","","","","","","","No co-applicant","8","","","","","","","","","Male","1","No co-applicant","5","150","Freddie Mac (FHLMC)","3","","","","","","","","Not a HOEPA loan","2","Not applicable","4","","","","4781","29.389999389648438","99800","137.61000061035156","1475","1549",""
"2017","2317700005","Department of Housing and Urban Development","HUD","7","Conventional","1","One-to-four family dwelling (other than manufactured housing)","1","Home purchase","1","Owner-occupied as a principal dwelling","1","151","Not applicable","3","Loan originated","1","Allentown, Bethlehem, Easton - PA, NJ","10900","New Jersey","NJ","34","Warren County","41","0324.00","Information not provided by applicant in mail, Internet, or telephone application","3","Information not provided by applicant in mail, Internet, or telephone application","3","Information not provided by applicant in mail, Internet, or telephone application","6","","","","","","","","","Information not provided by applicant in mail, Internet, or telephone application","6","","","","","","","","","Information not provided by applicant in mail, Internet, or telephone application","3","Information not provided by applicant in mail, Internet, or telephone application","3","64","Life insurance company, credit union, mortgage bank, or finance company","7","","","","","","","","Not a HOEPA loan","2","Secured by a first lien","1","","","","2272","9.949999809265137","75200","98.26000213623047","665","943",""
"2017","38-2750395","Department of Housing and Urban Development","HUD","7","Conventional","1","One-to-four family dwelling (other than manufactured housing)","1","Refinancing","3","Owner-occupied as a principal dwelling","1","170","Not applicable","3","Loan originated","1","Allentown, Bethlehem, Easton - PA, NJ","10900","New Jersey","NJ","34","Warren County","41","0311.01","Information not provided by applicant in mail, Internet, or telephone application","3","Information not provided by applicant in mail, Internet, or telephone application","3","Information not provided by applicant in mail, Internet, or telephone application","6","","","","","","","","","Information not provided by applicant in mail, Internet, or telephone application","6","","","","","","","","","Information not provided by applicant in mail, Internet, or telephone application","3","Information not provided by applicant in mail, Internet, or telephone application","3","88","Freddie Mac (FHLMC)","3","","","","","","","","Not a HOEPA loan","2","Secured by a first lien","1","","","","5850","11.029999732971191","75200","131.27999877929688","1757","2282",""
"2017","0000852218","Consumer Financial Protection Bureau","CFPB","9","Conventional","1","One-to-four family dwelling (other than manufactured housing)","1","Home purchase","1","Owner-occupied as a principal dwelling","1","110","Not applicable","3","Loan purchased by the institution","6","Newark - NJ, PA","35084","New Jersey","NJ","34","Union County","39","0397.00","Hispanic or Latino","1","No co-applicant","5","White","5","","","","","","","","","No co-applicant","8","","","","","","","","","Male","1","No co-applicant","5","40","Freddie Mac (FHLMC)","3","","","","","","","","Not a HOEPA loan","2","Not applicable","4","","","","4983","86.1500015258789","99800","94.55000305175781","1131","1507",""
"2017","46-3435079","Department of Housing and Urban Development","HUD","7","VA-guaranteed","3","One-to-four family dwelling (other than manufactured housing)","1","Refinancing","3","Owner-occupied as a principal dwelling","1","242","Not applicable","3","Application withdrawn by applicant","4","","","New Jersey","NJ","34","","","","Information not provided by applicant in mail, Internet, or telephone application","3","No co-applicant","5","Information not provided by applicant in mail, Internet, or telephone application","6","","","","","","","","","No co-applicant","8","","","","","","","","","Information not provided by applicant in mail, Internet, or telephone application","3","No co-applicant","5","","Loan was not originated or was not sold in calendar year covered by register","0","","","","","","","","Not a HOEPA loan","2","Secured by a first lien","1","","","","","","","","","",""
"2017","0000229801","Consumer Financial Protection Bureau","CFPB","9","Conventional","1","One-to-four family dwelling (other than manufactured housing)","1","Refinancing","3","Owner-occupied as a principal dwelling","1","475","Not applicable","3","Loan originated","1","Ocean City - NJ","36140","New Jersey","NJ","34","Cape May County","9","0219.00","Not Hispanic or Latino","2","Not Hispanic or Latino","2","White","5","","","","","","","","","White","5","","","","","","","","","Male","1","Female","2","143","Loan was not originated or was not sold in calendar year covered by register","0","","","","","","","","Not a HOEPA loan","2","Secured by a first lien","1","","","","2097","11.829999923706055","73400","109.41999816894531","804","2152",""
"2017","0004186591","Consumer Financial Protection Bureau","CFPB","9","Conventional","1","One-to-four family dwelling (other than manufactured housing)","1","Refinancing","3","Owner-occupied as a principal dwelling","1","353","Not applicable","3","Application denied by financial institution","3","New York, Jersey City, White Plains - NY, NJ","35614","New Jersey","NJ","34","Bergen County","3","0311.00","Not Hispanic or Latino","2","No co-applicant","5","White","5","","","","","","","","","No co-applicant","8","","","","","","","","","Male","1","No co-applicant","5","78","Loan was not originated or was not sold in calendar year covered by register","0","Credit application incomplete","7","","","","","","Not a HOEPA loan","2","Secured by a first lien","1","","","","5572","47.45000076293945","73700","139.99000549316406","1058","1766",""
"2017","22-3798625","Consumer Financial Protection Bureau","CFPB","9","Conventional","1","One-to-four family dwelling (other than manufactured housing)","1","Refinancing","3","Owner-occupied as a principal dwelling","1","351","Not applicable","3","Application withdrawn by applicant","4","Allentown, Bethlehem, Easton - PA, NJ","10900","New Jersey","NJ","34","Warren County","41","0323.00","Information not provided by applicant in mail, Internet, or telephone application","3","Information not provided by applicant in mail, Internet, or telephone application","3","Information not provided by applicant in mail, Internet, or telephone application","6","","","","","","","","","Information not provided by applicant in mail, Internet, or telephone application","6","","","","","","","","","Male","1","Female","2","171","Loan was not originated or was not sold in calendar year covered by register","0","","","","","","","","Not a HOEPA loan","2","Secured by a first lien","1","","","","3279","9.640000343322754","75200","99.58999633789062","994","1326",""
"2017","7197000003","Department of Housing and Urban Development","HUD","7","Conventional","1","One-to-four family dwelling (other than manufactured housing)","1","Refinancing","3","Owner-occupied as a principal dwelling","1","223","Not applicable","3","Loan originated","1","Allentown, Bethlehem, Easton - PA, NJ","10900","New Jersey","NJ","34","Warren County","41","0311.01","Not Hispanic or Latino","2","No co-applicant","5","Information not provided by applicant in mail, Internet, or telephone application","6","","","","","","","","","No co-applicant","8","","","","","","","","","Male","1","No co-applicant","5","78","Freddie Mac (FHLMC)","3","","","","","","","","Not a HOEPA loan","2","Secured by a first lien","1","","","","5850","11.029999732971191","75200","131.27999877929688","1757","2282",""
"2017","1768800000","Department of Housing and Urban Development","HUD","7","Conventional","1","One-to-four family dwelling (other than manufactured housing)","1","Refinancing","3","Owner-occupied as a principal dwelling","1","150","Not applicable","3","Application approved but not accepted","2","Newark - NJ, PA","35084","New Jersey","NJ","34","Union County","39","0327.00","Not Hispanic or Latino","2","No co-applicant","5","White","5","","","","","","","","","No co-applicant","8","","","","","","","","","Female","2","No co-applicant","5","86","Loan was not originated or was not sold in calendar year covered by register","0","","","","","","","","Not a HOEPA loan","2","Secured by a first lien","1","","","","7533","68.38999938964844","99800","90.19000244140625","2108","2591",""
"2017","80-0743699","Department of Housing and Urban Development","HUD","7","Conventional","1","One-to-four family dwelling (other than manufactured housing)","1","Home purchase","1","Owner-occupied as a principal dwelling","1","360","Preapproval was not requested","2","File closed for incompleteness","5","","","New Jersey","NJ","34","","","","Information not provided by applicant in mail, Internet, or telephone application","3","No co-applicant","5","Information not provided by applicant in mail, Internet, or telephone application","6","","","","","","","","","No co-applicant","8","","","","","","","","","Information not provided by applicant in mail, Internet, or telephone application","3","No co-applicant","5","96","Loan was not originated or was not sold in calendar year covered by register","0","","","","","","","","Not a HOEPA loan","2","Secured by a first lien","1","","","","","","","","","",""
"2017","22-3665409","Department of Housing and Urban Development","HUD","7","Conventional","1","One-to-four family dwelling (other than manufactured housing)","1","Home purchase","1","Owner-occupied as a principal dwelling","1","448","Not applicable","3","Loan originated","1","New York, Jersey City, White Plains - NY, NJ","35614","New Jersey","NJ","34","Bergen County","3","0311.00","Not Hispanic or Latino","2","Not Hispanic or Latino","2","White","5","","","","","","","","","White","5","","","","","","","","","Male","1","Female","2","170","Commercial bank, savings bank or savings association","6","","","","","","","","Not a HOEPA loan","2","Secured by a first lien","1","","","","5572","47.45000076293945","73700","139.99000549316406","1058","1766",""
"2017","0000451965","Consumer Financial Protection Bureau","CFPB","9","Conventional","1","One-to-four family dwelling (other than manufactured housing)","1","Refinancing","3","Owner-occupied as a principal dwelling","1","60","Not applicable","3","Application approved but not accepted","2","Camden - NJ","15804","New Jersey","NJ","34","Camden County","7","6092.03","Information not provided by applicant in mail, Internet, or telephone application","3","No co-applicant","5","Information not provided by applicant in mail, Internet, or telephone application","6","","","","","","","","","No co-applicant","8","","","","","","","","","Information not provided by applicant in mail, Internet, or telephone application","3","No co-applicant","5","60","Loan was not originated or was not sold in calendar year covered by register","0","","","","","","","","Not a HOEPA loan","2","Secured by a first lien","1","","","","9594","57.06999969482422","91500","113.36000061035156","2580","3195",""
"2017","0000817824","Consumer Financial Protection Bureau","CFPB","9","Conventional","1","One-to-four family dwelling (other than manufactured housing)","1","Refinancing","3","Owner-occupied as a principal dwelling","1","59","Not applicable","3","Application denied by financial institution","3","Allentown, Bethlehem, Easton - PA, NJ","10900","New Jersey","NJ","34","Warren County","41","0323.00","Not Hispanic or Latino","2","No co-applicant","5","White","5","","","","","","","","","No co-applicant","8","","","","","","","","","Male","1","No co-applicant","5","45","Loan was not originated or was not sold in calendar year covered by register","0","Collateral","4","","","","","","Not a HOEPA loan","2","Secured by a first lien","1","","","","3279","9.640000343322754","75200","99.58999633789062","994","1326",""
"2017","1768800000","Department of Housing and Urban Development","HUD","7","FHA-insured","2","One-to-four family dwelling (other than manufactured housing)","1","Home purchase","1","Owner-occupied as a principal dwelling","1","226","Not applicable","3","Loan originated","1","Allentown, Bethlehem, Easton - PA, NJ","10900","New Jersey","NJ","34","Warren County","41","0311.01","Information not provided by applicant in mail, Internet, or telephone application","3","No co-applicant","5","Information not provided by applicant in mail, Internet, or telephone application","6","","","","","","","","","No co-applicant","8","","","","","","","","","Information not provided by applicant in mail, Internet, or telephone application","3","No co-applicant","5","85","Other type of purchaser","9","","","","","","","","Not a HOEPA loan","2","Secured by a first lien","1","","","","5850","11.029999732971191","75200","131.27999877929688","1757","2282",""
"2017","27-1190043","Federal Deposit Insurance Corporation","FDIC","3","Conventional","1","One-to-four family dwelling (other than manufactured housing)","1","Home purchase","1","Owner-occupied as a principal dwelling","1","128","Preapproval was not requested","2","Loan originated","1","Trenton - NJ","45940","New Jersey","NJ","34","Mercer County","21","0037.05","Not Hispanic or Latino","2","No co-applicant","5","White","5","","","","","","","","","No co-applicant","8","","","","","","","","","Male","1","No co-applicant","5","45","Freddie Mac (FHLMC)","3","","","","","","","","Not a HOEPA loan","2","Secured by a first lien","1","","","","6290","33.0","95400","97.16999816894531","1538","1737",""
"2017","80-0743699","Department of Housing and Urban Development","HUD","7","FHA-insured","2","One-to-four family dwelling (other than manufactured housing)","1","Home purchase","1","Owner-occupied as a principal dwelling","1","245","Preapproval was not requested","2","File closed for incompleteness","5","","","New Jersey","NJ","34","","","","Information not provided by applicant in mail, Internet, or telephone application","3","No co-applicant","5","White","5","","","","","","","","","No co-applicant","8","","","","","","","","","Information not provided by applicant in mail, Internet, or telephone application","3","No co-applicant","5","77","Loan was not originated or was not sold in calendar year covered by register","0","","","","","","","","Not a HOEPA loan","2","Secured by a first lien","1","","","","","","","","","",""
"2017","0000701437","Office of the Comptroller of the Currency","OCC","1","Conventional","1","One-to-four family dwelling (other than manufactured housing)","1","Home purchase","1","Not owner-occupied as a principal dwelling","2","272","Preapproval was not requested","2","Loan originated","1","New York, Jersey City, White Plains - NY, NJ","35614","New Jersey","NJ","34","Ocean County","29","7361.05","Not Hispanic or Latino","2","Not Hispanic or Latino","2","White","5","","","","","","","","","White","5","","","","","","","","","Female","2","Male","1","170","Loan was not originated or was not sold in calendar year covered by register","0","","","","","","","","Not a HOEPA loan","2","Secured by a first lien","1","","","","3123","8.520000457763672","73700","104.7699966430664","1248","3303",""
"2017","0000451965","Consumer Financial Protection Bureau","CFPB","9","Conventional","1","One-to-four family dwelling (other than manufactured housing)","1","Refinancing","3","Owner-occupied as a principal dwelling","1","63","Not applicable","3","Application denied by financial institution","3","Camden - NJ","15804","New Jersey","NJ","34","Camden County","7","6015.00","Not Hispanic or Latino","2","No co-applicant","5","Black or African American","3","","","","","","","","","No co-applicant","8","","","","","","","","","Female","2","No co-applicant","5","61","Loan was not originated or was not sold in calendar year covered by register","0","Collateral","4","","","","","","Not a HOEPA loan","2","Secured by a first lien","1","","","","5789","97.73999786376953","91500","33.16999816894531","555","2040",""
"2017","20-2355296","Department of Housing and Urban Development","HUD","7","FHA-insured","2","One-to-four family dwelling (other than manufactured housing)","1","Refinancing","3","Owner-occupied as a principal dwelling","1","107","Not applicable","3","Application withdrawn by applicant","4","Allentown, Bethlehem, Easton - PA, NJ","10900","New Jersey","NJ","34","Warren County","41","0323.00","Not Hispanic or Latino","2","No co-applicant","5","White","5","","","","","","","","","No co-applicant","8","","","","","","","","","Female","2","No co-applicant","5","31","Loan was not originated or was not sold in calendar year covered by register","0","","","","","","","","Not a HOEPA loan","2","Secured by a first lien","1","","","","3279","9.640000343322754","75200","99.58999633789062","994","1326",""
"2017","0000817824","Consumer Financial Protection Bureau","CFPB","9","Conventional","1","One-to-four family dwelling (other than manufactured housing)","1","Home purchase","1","Owner-occupied as a principal dwelling","1","223","Preapproval was not requested","2","Loan originated","1","Allentown, Bethlehem, Easton - PA, NJ","10900","New Jersey","NJ","34","Warren County","41","0311.01","Not Hispanic or Latino","2","No co-applicant","5","Information not provided by applicant in mail, Internet, or telephone application","6","","","","","","","","","No co-applicant","8","","","","","","","","","Male","1","No co-applicant","5","52","Loan was not originated or was not sold in calendar year covered by register","0","","","","","","","","Not a HOEPA loan","2","Secured by a first lien","1","","","","5850","11.029999732971191","75200","131.27999877929688","1757","2282",""
"2017","46-3528270","Department of Housing and Urban Development","HUD","7","Conventional","1","One-to-four family dwelling (other than manufactured housing)","1","Home purchase","1","Not owner-occupied as a principal dwelling","2","140","Not applicable","3","Loan originated","1","New York, Jersey City, White Plains - NY, NJ","35614","New Jersey","NJ","34","Passaic County","31","1814.00","Not applicable","4","No co-applicant","5","Not applicable","7","","","","","","","","","No co-applicant","8","","","","","","","","","Not applicable","4","No co-applicant","5","","Life insurance company, credit union, mortgage bank, or finance company","7","","","","","","","","Not a HOEPA loan","2","Secured by a first lien","1","","","","2692","98.37000274658203","73700","42.33000183105469","149","791",""
"2017","80-0743699","Department of Housing and Urban Development","HUD","7","FHA-insured","2","One-to-four family dwelling (other than manufactured housing)","1","Home purchase","1","Owner-occupied as a principal dwelling","1","150","Preapproval was not requested","2","File closed for incompleteness","5","","","New Jersey","NJ","34","","","","Information not provided by applicant in mail, Internet, or telephone application","3","No co-applicant","5","Information not provided by applicant in mail, Internet, or telephone application","6","","","","","","","","","No co-applicant","8","","","","","","","","","Information not provided by applicant in mail, Internet, or telephone application","3","No co-applicant","5","","Loan was not originated or was not sold in calendar year covered by register","0","","","","","","","","Not a HOEPA loan","2","Secured by a first lien","1","","","","","","","","","",""
"2017","90-0790926","Department of Housing and Urban Development","HUD","7","Conventional","1","One-to-four family dwelling (other than manufactured housing)","1","Refinancing","3","Owner-occupied as a principal dwelling","1","190","Not applicable","3","Application denied by financial institution","3","Camden - NJ","15804","New Jersey","NJ","34","Camden County","7","6034.00","Not Hispanic or Latino","2","Not Hispanic or Latino","2","Asian","2","","","","","","","","","Asian","2","","","","","","","","","Female","2","Male","1","270","Loan was not originated or was not sold in calendar year covered by register","0","","","","","","","","Not a HOEPA loan","2","Secured by a first lien","1","","","","7291","35.13999938964844","91500","107.86000061035156","1999","2040",""
"2017","37-1542226","Department of Housing and Urban Development","HUD","7","FHA-insured","2","One-to-four family dwelling (other than manufactured housing)","1","Refinancing","3","Owner-occupied as a principal dwelling","1","215","Not applicable","3","Application denied by financial institution","3","Vineland, Bridgeton - NJ","47220","New Jersey","NJ","34","Cumberland County","11","0409.01","Not Hispanic or Latino","2","Not Hispanic or Latino","2","Black or African American","3","","","","","","","","","Black or African American","3","","","","","","","","","Male","1","Female","2","48","Loan was not originated or was not sold in calendar year covered by register","0","Credit history","3","","","","","","Not a HOEPA loan","2","Secured by a first lien","1","","","","2772","59.34000015258789","54200","98.81999969482422","773","1099",""
"2017","22-2470496","Department of Housing and Urban Development","HUD","7","FHA-insured","2","One-to-four family dwelling (other than manufactured housing)","1","Home purchase","1","Owner-occupied as a principal dwelling","1","93","Preapproval was not requested","2","Application withdrawn by applicant","4","Allentown, Bethlehem, Easton - PA, NJ","10900","New Jersey","NJ","34","Warren County","41","0323.00","Not Hispanic or Latino","2","Not Hispanic or Latino","2","White","5","","","","","","","","","White","5","","","","","","","","","Female","2","Male","1","53","Loan was not originated or was not sold in calendar year covered by register","0","","","","","","","","Not a HOEPA loan","2","Secured by a first lien","1","","","","3279","9.640000343322754","75200","99.58999633789062","994","1326",""
"2017","0000034953","Federal Deposit Insurance Corporation","FDIC","3","Conventional","1","One-to-four family dwelling (other than manufactured housing)","1","Refinancing","3","Owner-occupied as a principal dwelling","1","264","Not applicable","3","Loan originated","1","Allentown, Bethlehem, Easton - PA, NJ","10900","New Jersey","NJ","34","Warren County","41","0311.01","Information not provided by applicant in mail, Internet, or telephone application","3","No co-applicant","5","Information not provided by applicant in mail, Internet, or telephone application","6","","","","","","","","","No co-applicant","8","","","","","","","","","Information not provided by applicant in mail, Internet, or telephone application","3","No co-applicant","5","96","Other type of purchaser","9","","","","","","","","Not a HOEPA loan","2","Secured by a first lien","1","","","","5850","11.029999732971191","75200","131.27999877929688","1757","2282",""
"2017","26-4599244","Department of Housing and Urban Development","HUD","7","FHA-insured","2","One-to-four family dwelling (other than manufactured housing)","1","Home purchase","1","Owner-occupied as a principal dwelling","1","481","Not applicable","3","Loan originated","1","New York, Jersey City, White Plains - NY, NJ","35614","New Jersey","NJ","34","Middlesex County","23","0079.11","Not Hispanic or Latino","2","Not Hispanic or Latino","2","White","5","","","","","","","","","White","5","","","","","","","","","Male","1","Female","2","225","Ginnie Mae (GNMA)","2","","","","","","","","Not a HOEPA loan","2","Secured by a first lien","1","","","","3892","47.119998931884766","73700","215.4199981689453","1026","1113",""
"2017","80-0743699","Department of Housing and Urban Development","HUD","7","FHA-insured","2","One-to-four family dwelling (other than manufactured housing)","1","Home purchase","1","Owner-occupied as a principal dwelling","1","196","Preapproval was not requested","2","File closed for incompleteness","5","","","New Jersey","NJ","34","","","","Information not provided by applicant in mail, Internet, or telephone application","3","Information not provided by applicant in mail, Internet, or telephone application","3","Information not provided by applicant in mail, Internet, or telephone application","6","","","","","","","","","Information not provided by applicant in mail, Internet, or telephone application","6","","","","","","","","","Information not provided by applicant in mail, Internet, or telephone application","3","Information not provided by applicant in mail, Internet, or telephone application","3","78","Loan was not originated or was not sold in calendar year covered by register","0","","","","","","","","Not a HOEPA loan","2","Secured by a first lien","1","","","","","","","","","",""
"2017","0000852218","Consumer Financial Protection Bureau","CFPB","9","Conventional","1","One-to-four family dwelling (other than manufactured housing)","1","Home purchase","1","Owner-occupied as a principal dwelling","1","262","Not applicable","3","Loan purchased by the institution","6","New York, Jersey City, White Plains - NY, NJ","35614","New Jersey","NJ","34","Middlesex County","23","0079.12","Not Hispanic or Latino","2","No co-applicant","5","White","5","","","","","","","","","No co-applicant","8","","","","","","","","","Female","2","No co-applicant","5","104","Freddie Mac (FHLMC)","3","","","","","","","","Not a HOEPA loan","2","Not applicable","4","","","","7271","33.66999816894531","73700","158.17999267578125","2311","2245",""
"2017","26-4599244","Department of Housing and Urban Development","HUD","7","Conventional","1","One-to-four family dwelling (other than manufactured housing)","1","Home purchase","1","Owner-occupied as a principal dwelling","1","488","Not applicable","3","Application withdrawn by applicant","4","New York, Jersey City, White Plains - NY, NJ","35614","New Jersey","NJ","34","Hudson County","17","0074.00","Not Hispanic or Latino","2","Not Hispanic or Latino","2","White","5","","","","","","","","","White","5","","","","","","","","","Male","1","Female","2","135","Loan was not originated or was not sold in calendar year covered by register","0","","","","","","","","Not a HOEPA loan","2","Secured by a first lien","1","","","","5035","48.36000061035156","73700","296.1600036621094","736","55",""
"2017","47-0912342","Department of Housing and Urban Development","HUD","7","VA-guaranteed","3","One-to-four family dwelling (other than manufactured housing)","1","Refinancing","3","Owner-occupied as a principal dwelling","1","170","Not applicable","3","Application withdrawn by applicant","4","Allentown, Bethlehem, Easton - PA, NJ","10900","New Jersey","NJ","34","Warren County","41","0323.00","Information not provided by applicant in mail, Internet, or telephone application","3","Information not provided by applicant in mail, Internet, or telephone application","3","Information not provided by applicant in mail, Internet, or telephone application","6","","","","","","","","","Information not provided by applicant in mail, Internet, or telephone application","6","","","","","","","","","Female","2","Male","1","80","Loan was not originated or was not sold in calendar year covered by register","0","","","","","","","","Not a HOEPA loan","2","Secured by a first lien","1","","","","3279","9.640000343322754","75200","99.58999633789062","994","1326",""
"2017","7197000003","Department of Housing and Urban Development","HUD","7","Conventional","1","One-to-four family dwelling (other than manufactured housing)","1","Refinancing","3","Owner-occupied as a principal dwelling","1","164","Not applicable","3","Loan originated","1","Allentown, Bethlehem, Easton - PA, NJ","10900","New Jersey","NJ","34","Warren County","41","0309.00","Information not provided by applicant in mail, Internet, or telephone application","3","Not Hispanic or Latino","2","Information not provided by applicant in mail, Internet, or telephone application","6","","","","","","","","","White","5","","","","","","","","","Information not provided by applicant in mail, Internet, or telephone application","3","Female","2","152","Fannie Mae (FNMA)","1","","","","","","","","Not a HOEPA loan","2","Secured by a first lien","1","","","","2914","49.619998931884766","75200","68.94999694824219","474","1173",""
"2017","27-1438405","Department of Housing and Urban Development","HUD","7","Conventional","1","One-to-four family dwelling (other than manufactured housing)","1","Home purchase","1","Owner-occupied as a principal dwelling","1","607","Not applicable","3","Loan purchased by the institution","6","Camden - NJ","15804","New Jersey","NJ","34","Burlington County","5","7031.02","Not applicable","4","Not applicable","4","Not applicable","7","","","","","","","","","Not applicable","7","","","","","","","","","Not applicable","4","Not applicable","4","","Loan was not originated or was not sold in calendar year covered by register","0","","","","","","","","Not a HOEPA loan","2","Not applicable","4","","","","2758","22.079999923706055","91500","214.66000366210938","803","917",""
"2017","80-0743699","Department of Housing and Urban Development","HUD","7","Conventional","1","One-to-four family dwelling (other than manufactured housing)","1","Home purchase","1","Owner-occupied as a principal dwelling","1","190","Preapproval was not requested","2","File closed for incompleteness","5","","","New Jersey","NJ","34","","","","Information not provided by applicant in mail, Internet, or telephone application","3","No co-applicant","5","Information not provided by applicant in mail, Internet, or telephone application","6","","","","","","","","","No co-applicant","8","","","","","","","","","Information not provided by applicant in mail, Internet, or telephone application","3","No co-applicant","5","","Loan was not originated or was not sold in calendar year covered by register","0","","","","","","","","Not a HOEPA loan","2","Secured by a first lien","1","","","","","","","","","",""
"2017","0000852218","Consumer Financial Protection Bureau","CFPB","9","Conventional","1","One-to-four family dwelling (other than manufactured housing)","1","Home purchase","1","Owner-occupied as a principal dwelling","1","580","Not applicable","3","Loan originated","1","Newark - NJ, PA","35084","New Jersey","NJ","34","Essex County","13","0172.00","Not Hispanic or Latino","2","Not Hispanic or Latino","2","White","5","","","","","","","","","Black or African American","3","","","","","","","","","Female","2","Male","1","315","Loan was not originated or was not sold in calendar year covered by register","0","","","","","","","","Not a HOEPA loan","2","Secured by a first lien","1","","","","2571","79.73999786376953","99800","88.05999755859375","579","1032",""
"2017","41-2277737","Department of Housing and Urban Development","HUD","7","Conventional","1","One-to-four family dwelling (other than manufactured housing)","1","Refinancing","3","Owner-occupied as a principal dwelling","1","115","Not applicable","3","File closed for incompleteness","5","Camden - NJ","15804","New Jersey","NJ","34","Camden County","7","6075.06","Not Hispanic or Latino","2","Not Hispanic or Latino","2","Black or African American","3","","","","","","","","","Black or African American","3","","","","","","","","","Male","1","Female","2","136","Loan was not originated or was not sold in calendar year covered by register","0","","","","","","","","Not a HOEPA loan","2","Secured by a first lien","1","","","","3155","42.56999969482422","91500","112.69999694824219","588","808",""
"2017","0000817824","Consumer Financial Protection Bureau","CFPB","9","Conventional","1","One-to-four family dwelling (other than manufactured housing)","1","Home improvement","2","Owner-occupied as a principal dwelling","1","4","Not applicable","3","File closed for incompleteness","5","Allentown, Bethlehem, Easton - PA, NJ","10900","New Jersey","NJ","34","Warren County","41","0323.00","Information not provided by applicant in mail, Internet, or telephone application","3","Information not provided by applicant in mail, Internet, or telephone application","3","White","5","","","","","","","","","White","5","","","","","","","","","Female","2","Male","1","152","Loan was not originated or was not sold in calendar year covered by register","0","","","","","","","","Not a HOEPA loan","2","Not secured by a lien","3","","","","3279","9.640000343322754","75200","99.58999633789062","994","1326",""
"2017","2317700005","Department of Housing and Urban Development","HUD","7","FHA-insured","2","One-to-four family dwelling (other than manufactured housing)","1","Home purchase","1","Owner-occupied as a principal dwelling","1","229","Not applicable","3","Loan originated","1","Allentown, Bethlehem, Easton - PA, NJ","10900","New Jersey","NJ","34","Warren County","41","0308.00","Not Hispanic or Latino","2","Not Hispanic or Latino","2","Information not provided by applicant in mail, Internet, or telephone application","6","","","","","","","","","Information not provided by applicant in mail, Internet, or telephone application","6","","","","","","","","","Female","2","Male","1","97","Life insurance company, credit union, mortgage bank, or finance company","7","","","","","","","","Not a HOEPA loan","2","Secured by a first lien","1","","","","3453","12.539999961853027","75200","84.73999786376953","873","1256",""
"2017","0000451965","Consumer Financial Protection Bureau","CFPB","9","FHA-insured","2","One-to-four family dwelling (other than manufactured housing)","1","Home purchase","1","Owner-occupied as a principal dwelling","1","105","Not applicable","3","Loan purchased by the institution","6","Camden - NJ","15804","New Jersey","NJ","34","Camden County","7","6030.02","Not Hispanic or Latino","2","No co-applicant","5","Black or African American","3","","","","","","","","","No co-applicant","8","","","","","","","","","Male","1","No co-applicant","5","38","Loan was not originated or was not sold in calendar year covered by register","0","","","","","","","","Not a HOEPA loan","2","Not applicable","4","","","","4544","77.2699966430664","91500","80.79000091552734","1173","1533",""
"2017","80-0743699","Department of Housing and Urban Development","HUD","7","FHA-insured","2","One-to-four family dwelling (other than manufactured housing)","1","Home purchase","1","Owner-occupied as a principal dwelling","1","193","Preapproval was not requested","2","Application withdrawn by applicant","4","","","New Jersey","NJ","34","","","","Information not provided by applicant in mail, Internet, or telephone application","3","No co-applicant","5","Information not provided by applicant in mail, Internet, or telephone application","6","","","","","","","","","No co-applicant","8","","","","","","","","","Information not provided by applicant in mail, Internet, or telephone application","3","No co-applicant","5","","Loan was not originated or was not sold in calendar year covered by register","0","","","","","","","","Not a HOEPA loan","2","Secured by a first lien","1","","","","","","","","","",""
"2017","0000451965","Consumer Financial Protection Bureau","CFPB","9","Conventional","1","One-to-four family dwelling (other than manufactured housing)","1","Home purchase","1","Owner-occupied as a principal dwelling","1","81","Not applicable","3","Loan originated","1","New York, Jersey City, White Plains - NY, NJ","35614","New Jersey","NJ","34","Middlesex County","23","0079.10","Not Hispanic or Latino","2","No co-applicant","5","White","5","","","","","","","","","No co-applicant","8","","","","","","","","","Male","1","No co-applicant","5","32","Fannie Mae (FNMA)","1","","","","","","","","Not a HOEPA loan","2","Secured by a first lien","1","","","","3431","28.739999771118164","73700","133.4600067138672","1314","1409",""
"2017","20-2355296","Department of Housing and Urban Development","HUD","7","Conventional","1","One-to-four family dwelling (other than manufactured housing)","1","Refinancing","3","Owner-occupied as a principal dwelling","1","322","Not applicable","3","Loan originated","1","Trenton - NJ","45940","New Jersey","NJ","34","Mercer County","21","0044.05","Not Hispanic or Latino","2","Not Hispanic or Latino","2","White","5","","","","","","","","","White","5","","","","","","","","","Female","2","Male","1","238","Life insurance company, credit union, mortgage bank, or finance company","7","","","","","","","","Not a HOEPA loan","2","Secured by a first lien","1","","","","7972","53.470001220703125","95400","125.98999786376953","1885","2259",""
"2017","62-0997810","Department of Housing and Urban Development","HUD","7","FSA/RHS-guaranteed","4","One-to-four family dwelling (other than manufactured housing)","1","Home purchase","1","Owner-occupied as a principal dwelling","1","157","Not applicable","3","Loan purchased by the institution","6","Allentown, Bethlehem, Easton - PA, NJ","10900","New Jersey","NJ","34","Warren County","41","0323.00","Not applicable","4","Not applicable","4","Not applicable","7","","","","","","","","","Not applicable","7","","","","","","","","","Not applicable","4","Not applicable","4","","Loan was not originated or was not sold in calendar year covered by register","0","","","","","","","","Not a HOEPA loan","2","Not applicable","4","","","","3279","9.640000343322754","75200","99.58999633789062","994","1326",""
"2017","0000451965","Consumer Financial Protection Bureau","CFPB","9","Conventional","1","One-to-four family dwelling (other than manufactured housing)","1","Home purchase","1","Owner-occupied as a principal dwelling","1","128","Not applicable","3","Loan originated","1","Allentown, Bethlehem, Easton - PA, NJ","10900","New Jersey","NJ","34","Warren County","41","0308.00","Information not provided by applicant in mail, Internet, or telephone application","3","No co-applicant","5","Information not provided by applicant in mail, Internet, or telephone application","6","","","","","","","","","No co-applicant","8","","","","","","","","","Information not provided by applicant in mail, Internet, or telephone application","3","No co-applicant","5","38","Freddie Mac (FHLMC)","3","","","","","","","","Not a HOEPA loan","2","Secured by a first lien","1","","","","3453","12.539999961853027","75200","84.73999786376953","873","1256",""
"2017","0000852218","Consumer Financial Protection Bureau","CFPB","9","Conventional","1","One-to-four family dwelling (other than manufactured housing)","1","Home purchase","1","Owner-occupied as a principal dwelling","1","510","Not applicable","3","Loan originated","1","Newark - NJ, PA","35084","New Jersey","NJ","34","Union County","39","0364.00","Not Hispanic or Latino","2","Not Hispanic or Latino","2","White","5","","","","","","","","","White","5","","","","","","","","","Male","1","Female","2","","Fannie Mae (FNMA)","1","","","","","","","","Not a HOEPA loan","2","Secured by a first lien","1","","","","7332","15.229999542236328","99800","185.2100067138672","2176","2440",""
"2017","80-0743699","Department of Housing and Urban Development","HUD","7","FHA-insured","2","One-to-four family dwelling (other than manufactured housing)","1","Home purchase","1","Owner-occupied as a principal dwelling","1","140","Preapproval was not requested","2","Application withdrawn by applicant","4","","","New Jersey","NJ","34","","","","Information not provided by applicant in mail, Internet, or telephone application","3","No co-applicant","5","Information not provided by applicant in mail, Internet, or telephone application","6","","","","","","","","","No co-applicant","8","","","","","","","","","Information not provided by applicant in mail, Internet, or telephone application","3","No co-applicant","5","46","Loan was not originated or was not sold in calendar year covered by register","0","","","","","","","","Not a HOEPA loan","2","Secured by a first lien","1","","","","","","","","","",""
"2017","7851800005","Department of Housing and Urban Development","HUD","7","Conventional","1","One-to-four family dwelling (other than manufactured housing)","1","Home purchase","1","Owner-occupied as a principal dwelling","1","206","Not applicable","3","Loan originated","1","Camden - NJ","15804","New Jersey","NJ","34","Burlington County","5","7008.00","Not Hispanic or Latino","2","No co-applicant","5","White","5","","","","","","","","","No co-applicant","8","","","","","","","","","Male","1","No co-applicant","5","177","Other type of purchaser","9","","","","","","","","Not a HOEPA loan","2","Secured by a first lien","1","","","","4542","21.690000534057617","91500","103.5199966430664","1445","1803",""
"2017","20-3702275","Department of Housing and Urban Development","HUD","7","Conventional","1","One-to-four family dwelling (other than manufactured housing)","1","Refinancing","3","Owner-occupied as a principal dwelling","1","268","Not applicable","3","Loan originated","1","New York, Jersey City, White Plains - NY, NJ","35614","New Jersey","NJ","34","Bergen County","3","0600.00","Not Hispanic or Latino","2","Not Hispanic or Latino","2","White","5","","","","","","","","","White","5","","","","","","","","","Male","1","Female","2","180","Freddie Mac (FHLMC)","3","","","","","","","","Not a HOEPA loan","2","Secured by a first lien","1","","","","7992","22.950000762939453","73700","149.1199951171875","2223","2598",""
"2017","0000451965","Consumer Financial Protection Bureau","CFPB","9","FSA/RHS-guaranteed","4","One-to-four family dwelling (other than manufactured housing)","1","Home purchase","1","Owner-occupied as a principal dwelling","1","136","Not applicable","3","Application denied by financial institution","3","Allentown, Bethlehem, Easton - PA, NJ","10900","New Jersey","NJ","34","Warren County","41","0323.00","Hispanic or Latino","1","No co-applicant","5","Information not provided by applicant in mail, Internet, or telephone application","6","","","","","","","","","No co-applicant","8","","","","","","","","","Female","2","No co-applicant","5","15","Loan was not originated or was not sold in calendar year covered by register","0","Debt-to-income ratio","1","","","","","","Not a HOEPA loan","2","Secured by a first lien","1","","","","3279","9.640000343322754","75200","99.58999633789062","994","1326",""
"2017","20-8921389","Department of Housing and Urban Development","HUD","7","FHA-insured","2","One-to-four family dwelling (other than manufactured housing)","1","Home purchase","1","Owner-occupied as a principal dwelling","1","152","Not applicable","3","Loan originated","1","Allentown, Bethlehem, Easton - PA, NJ","10900","New Jersey","NJ","34","Warren County","41","0307.00","Not Hispanic or Latino","2","No co-applicant","5","Information not provided by applicant in mail, Internet, or telephone application","6","","","","","","","","","No co-applicant","8","","","","","","","","","Male","1","No co-applicant","5","42","Ginnie Mae (GNMA)","2","","","","","","","","Not a HOEPA loan","2","Secured by a first lien","1","","","","4422","20.899999618530273","75200","67.43000030517578","1105","2036",""
"2017","27-4023565","Department of Housing and Urban Development","HUD","7","FHA-insured","2","One-to-four family dwelling (other than manufactured housing)","1","Refinancing","3","Owner-occupied as a principal dwelling","1","172","Not applicable","3","File closed for incompleteness","5","New York, Jersey City, White Plains - NY, NJ","35614","New Jersey","NJ","34","Monmouth County","25","8111.02","Not Hispanic or Latino","2","Not Hispanic or Latino","2","White","5","","","","","","","","","White","5","","","","","","","","","Male","1","Female","2","","Loan was not originated or was not sold in calendar year covered by register","0","","","","","","","","Not a HOEPA loan","2","Secured by a first lien","1","","","","6536","14.760000228881836","73700","148.3800048828125","2011","2292",""
"2017","54-1094297","Department of Housing and Urban Development","HUD","7","Conventional","1","One-to-four family dwelling (other than manufactured housing)","1","Refinancing","3","Owner-occupied as a principal dwelling","1","146","Not applicable","3","File closed for incompleteness","5","","","New Jersey","NJ","34","","","","Information not provided by applicant in mail, Internet, or telephone application","3","No co-applicant","5","Information not provided by applicant in mail, Internet, or telephone application","6","","","","","","","","","No co-applicant","8","","","","","","","","","Information not provided by applicant in mail, Internet, or telephone application","3","No co-applicant","5","75","Loan was not originated or was not sold in calendar year covered by register","0","","","","","","","","Not a HOEPA loan","2","Secured by a first lien","1","","","","","","","","","",""
"2017","1164400002","Department of Housing and Urban Development","HUD","7","Conventional","1","One-to-four family dwelling (other than manufactured housing)","1","Home purchase","1","Owner-occupied as a principal dwelling","1","143","Not applicable","3","Loan originated","1","Camden - NJ","15804","New Jersey","NJ","34","Burlington County","5","7040.12","Not Hispanic or Latino","2","No co-applicant","5","White","5","","","","","","","","","No co-applicant","8","","","","","","","","","Female","2","No co-applicant","5","74","Life insurance company, credit union, mortgage bank, or finance company","7","","","","","","","","Not a HOEPA loan","2","Secured by a first lien","1","","","","5715","15.489999771118164","91500","115.91000366210938","1948","2109",""
"2017","14-1770243","Department of Housing and Urban Development","HUD","7","Conventional","1","One-to-four family dwelling (other than manufactured housing)","1","Refinancing","3","Owner-occupied as a principal dwelling","1","297","Not applicable","3","Loan originated","1","New York, Jersey City, White Plains - NY, NJ","35614","New Jersey","NJ","34","Hudson County","17","0143.00","Hispanic or Latino","1","No co-applicant","5","White","5","","","","","","","","","No co-applicant","8","","","","","","","","","Male","1","No co-applicant","5","73","Commercial bank, savings bank or savings association","6","","","","","","","","Not a HOEPA loan","2","Secured by a first lien","1","","","","6190","83.12999725341797","73700","88.4800033569336","943","1802",""
"2017","26-1773722","Department of Housing and Urban Development","HUD","7","Conventional","1","One-to-four family dwelling (other than manufactured housing)","1","Home improvement","2","Owner-occupied as a principal dwelling","1","50","Not applicable","3","Application denied by financial institution","3","Allentown, Bethlehem, Easton - PA, NJ","10900","New Jersey","NJ","34","Warren County","41","0322.00","Not Hispanic or Latino","2","No co-applicant","5","White","5","","","","","","","","","No co-applicant","8","","","","","","","","","Female","2","No co-applicant","5","23","Loan was not originated or was not sold in calendar year covered by register","0","Credit application incomplete","7","","","","","","Not a HOEPA loan","2","Secured by a first lien","1","","","","8183","17.18000030517578","75200","130.24000549316406","2232","2448",""
"2017","0000000857","National Credit Union Administration","NCUA","5","Conventional","1","One-to-four family dwelling (other than manufactured housing)","1","Home improvement","2","Owner-occupied as a principal dwelling","1","75","Not applicable","3","Loan originated","1","Allentown, Bethlehem, Easton - PA, NJ","10900","New Jersey","NJ","34","Warren County","41","0307.00","Information not provided by applicant in mail, Internet, or telephone application","3","No co-applicant","5","Information not provided by applicant in mail, Internet, or telephone application","6","","","","","","","","","No co-applicant","8","","","","","","","","","Information not provided by applicant in mail, Internet, or telephone application","3","No co-applicant","5","50","Loan was not originated or was not sold in calendar year covered by register","0","","","","","","","","Not a HOEPA loan","2","Secured by a first lien","1","","","","4422","20.899999618530273","75200","67.43000030517578","1105","2036",""
"2017","27-4023565","Department of Housing and Urban Development","HUD","7","FHA-insured","2","One-to-four family dwelling (other than manufactured housing)","1","Refinancing","3","Not owner-occupied as a principal dwelling","2","245","Not applicable","3","Loan originated","1","Newark - NJ, PA","35084","New Jersey","NJ","34","Somerset County","35","0534.03","Not Hispanic or Latino","2","Not Hispanic or Latino","2","White","5","","","","","","","","","White","5","","","","","","","","","Male","1","Female","2","","Ginnie Mae (GNMA)","2","","","","","","","","Not a HOEPA loan","2","Secured by a first lien","1","","","","4641","71.79000091552734","99800","96.30000305175781","1509","1495",""
"2017","80-0743699","Department of Housing and Urban Development","HUD","7","FHA-insured","2","One-to-four family dwelling (other than manufactured housing)","1","Home purchase","1","Owner-occupied as a principal dwelling","1","98","Preapproval was not requested","2","File closed for incompleteness","5","","","New Jersey","NJ","34","","","","Information not provided by applicant in mail, Internet, or telephone application","3","No co-applicant","5","Information not provided by applicant in mail, Internet, or telephone application","6","","","","","","","","","No co-applicant","8","","","","","","","","","Information not provided by applicant in mail, Internet, or telephone application","3","No co-applicant","5","26","Loan was not originated or was not sold in calendar year covered by register","0","","","","","","","","Not a HOEPA loan","2","Secured by a first lien","1","","","","","","","","","",""
"2017","0000480228","Consumer Financial Protection Bureau","CFPB","9","Conventional","1","One-to-four family dwelling (other than manufactured housing)","1","Refinancing","3","Owner-occupied as a principal dwelling","1","88","Not applicable","3","Application approved but not accepted","2","Trenton - NJ","45940","New Jersey","NJ","34","Mercer County","21","0034.00","Not Hispanic or Latino","2","No co-applicant","5","Black or African American","3","","","","","","","","","No co-applicant","8","","","","","","","","","Female","2","No co-applicant","5","144","Loan was not originated or was not sold in calendar year covered by register","0","","","","","","","","Not a HOEPA loan","2","Secured by a first lien","1","","","","2529","73.73999786376953","95400","64.86000061035156","767","995",""
"2017","0000058652","Federal Deposit Insurance Corporation","FDIC","3","Conventional","1","Multifamily dwelling","3","Home purchase","1","Not applicable","3","3640","Not applicable","3","Loan originated","1","New York, Jersey City, White Plains - NY, NJ","35614","New Jersey","NJ","34","Hudson County","17","0031.00","Not applicable","4","No co-applicant","5","Not applicable","7","","","","","","","","","No co-applicant","8","","","","","","","","","Not applicable","4","No co-applicant","5","","Loan was not originated or was not sold in calendar year covered by register","0","","","","","","","","Not a HOEPA loan","2","Secured by a first lien","1","","","","4488","72.63999938964844","73700","76.36000061035156","395","663",""
"2017","43-1965151","Department of Housing and Urban Development","HUD","7","VA-guaranteed","3","One-to-four family dwelling (other than manufactured housing)","1","Refinancing","3","Owner-occupied as a principal dwelling","1","227","Not applicable","3","Application denied by financial institution","3","Allentown, Bethlehem, Easton - PA, NJ","10900","New Jersey","NJ","34","Warren County","41","0322.00","Not Hispanic or Latino","2","No co-applicant","5","White","5","","","","","","","","","No co-applicant","8","","","","","","","","","Male","1","No co-applicant","5","60","Loan was not originated or was not sold in calendar year covered by register","0","","","","","","","","Not a HOEPA loan","2","Secured by a first lien","1","","","","8183","17.18000030517578","75200","130.24000549316406","2232","2448",""
"2017","36-4327855","Department of Housing and Urban Development","HUD","7","FHA-insured","2","One-to-four family dwelling (other than manufactured housing)","1","Home purchase","1","Owner-occupied as a principal dwelling","1","120","Preapproval was not requested","2","Loan originated","1","Allentown, Bethlehem, Easton - PA, NJ","10900","New Jersey","NJ","34","Warren County","41","0306.00","Not Hispanic or Latino","2","No co-applicant","5","White","5","","","","","","","","","No co-applicant","8","","","","","","","","","Male","1","No co-applicant","5","58","Life insurance company, credit union, mortgage bank, or finance company","7","","","","","","","02.18","Not a HOEPA loan","2","Secured by a first lien","1","","","","3819","29.219999313354492","75200","72.7699966430664","763","1498",""
"2017","0000504713","Consumer Financial Protection Bureau","CFPB","9","Conventional","1","One-to-four family dwelling (other than manufactured housing)","1","Home purchase","1","Owner-occupied as a principal dwelling","1","184","Not applicable","3","Loan purchased by the institution","6","New York, Jersey City, White Plains - NY, NJ","35614","New Jersey","NJ","34","Bergen County","3","0591.00","Not applicable","4","Not applicable","4","Not applicable","7","","","","","","","","","Not applicable","7","","","","","","","","","Not applicable","4","Not applicable","4","","Freddie Mac (FHLMC)","3","","","","","","","","Not a HOEPA loan","2","Not applicable","4","","","","5233","33.59000015258789","73700","132.44000244140625","1076","1546",""
"2017","80-0743699","Department of Housing and Urban Development","HUD","7","Conventional","1","One-to-four family dwelling (other than manufactured housing)","1","Home improvement","2","Not owner-occupied as a principal dwelling","2","184","Not applicable","3","File closed for incompleteness","5","","","New Jersey","NJ","34","","","","Information not provided by applicant in mail, Internet, or telephone application","3","No co-applicant","5","Information not provided by applicant in mail, Internet, or telephone application","6","","","","","","","","","No co-applicant","8","","","","","","","","","Information not provided by applicant in mail, Internet, or telephone application","3","No co-applicant","5","120","Loan was not originated or was not sold in calendar year covered by register","0","","","","","","","","Not a HOEPA loan","2","Secured by a first lien","1","","","","","","","","","",""
"2017","20-8921389","Department of Housing and Urban Development","HUD","7","Conventional","1","One-to-four family dwelling (other than manufactured housing)","1","Refinancing","3","Owner-occupied as a principal dwelling","1","214","Not applicable","3","Loan originated","1","New York, Jersey City, White Plains - NY, NJ","35614","New Jersey","NJ","34","Ocean County","29","7136.00","Not Hispanic or Latino","2","No co-applicant","5","White","5","","","","","","","","","No co-applicant","8","","","","","","","","","Male","1","No co-applicant","5","47","Freddie Mac (FHLMC)","3","","","","","","","","Not a HOEPA loan","2","Secured by a first lien","1","","","","3824","10.40999984741211","73700","145.07000732421875","1222","1353",""
"2017","27-2389039","Department of Housing and Urban Development","HUD","7","Conventional","1","One-to-four family dwelling (other than manufactured housing)","1","Home purchase","1","Owner-occupied as a principal dwelling","1","222","Preapproval was not requested","2","Application withdrawn by applicant","4","New York, Jersey City, White Plains - NY, NJ","35614","New Jersey","NJ","34","Hudson County","17","0135.00","Not Hispanic or Latino","2","No co-applicant","5","Asian","2","","","","","","","","","No co-applicant","8","","","","","","","","","Female","2","No co-applicant","5","70","Loan was not originated or was not sold in calendar year covered by register","0","","","","","","","","Not a HOEPA loan","2","Secured by a first lien","1","","","","5006","68.18000030517578","73700","63.31999969482422","409","1188",""
"2017","0000497404","Consumer Financial Protection Bureau","CFPB","9","Conventional","1","One-to-four family dwelling (other than manufactured housing)","1","Refinancing","3","Not owner-occupied as a principal dwelling","2","200","Not applicable","3","Loan originated","1","Allentown, Bethlehem, Easton - PA, NJ","10900","New Jersey","NJ","34","Warren County","41","0322.00","Information not provided by applicant in mail, Internet, or telephone application","3","Information not provided by applicant in mail, Internet, or telephone application","3","Information not provided by applicant in mail, Internet, or telephone application","6","","","","","","","","","Information not provided by applicant in mail, Internet, or telephone application","6","","","","","","","","","Male","1","Female","2","115","Loan was not originated or was not sold in calendar year covered by register","0","","","","","","","","Not a HOEPA loan","2","Secured by a first lien","1","","","","8183","17.18000030517578","75200","130.24000549316406","2232","2448",""
"2017","26-4599244","Department of Housing and Urban Development","HUD","7","FHA-insured","2","One-to-four family dwelling (other than manufactured housing)","1","Home purchase","1","Owner-occupied as a principal dwelling","1","83","Not applicable","3","Loan originated","1","Allentown, Bethlehem, Easton - PA, NJ","10900","New Jersey","NJ","34","Warren County","41","0306.00","Information not provided by applicant in mail, Internet, or telephone application","3","No co-applicant","5","Information not provided by applicant in mail, Internet, or telephone application","6","","","","","","","","","No co-applicant","8","","","","","","","","","Information not provided by applicant in mail, Internet, or telephone application","3","No co-applicant","5","49","Ginnie Mae (GNMA)","2","","","","","","","","Not a HOEPA loan","2","Secured by a first lien","1","","","","3819","29.219999313354492","75200","72.7699966430664","763","1498",""
"2017","0000617677","Consumer Financial Protection Bureau","CFPB","9","Conventional","1","One-to-four family dwelling (other than manufactured housing)","1","Home purchase","1","Owner-occupied as a principal dwelling","1","750","Preapproval was requested","1","Loan originated","1","New York, Jersey City, White Plains - NY, NJ","35614","New Jersey","NJ","34","Ocean County","29","7101.00","Not Hispanic or Latino","2","Not Hispanic or Latino","2","White","5","","","","","","","","","White","5","","","","","","","","","Male","1","Female","2","138","Loan was not originated or was not sold in calendar year covered by register","0","","","","","","","","Not a HOEPA loan","2","Secured by a first lien","1","","","","4604","9.380000114440918","73700","139.39999389648438","1220","2900",""
"2017","46-3435079","Department of Housing and Urban Development","HUD","7","VA-guaranteed","3","One-to-four family dwelling (other than manufactured housing)","1","Refinancing","3","Owner-occupied as a principal dwelling","1","271","Not applicable","3","File closed for incompleteness","5","","","New Jersey","NJ","34","","","","Information not provided by applicant in mail, Internet, or telephone application","3","No co-applicant","5","Information not provided by applicant in mail, Internet, or telephone application","6","","","","","","","","","No co-applicant","8","","","","","","","","","Information not provided by applicant in mail, Internet, or telephone application","3","No co-applicant","5","","Loan was not originated or was not sold in calendar year covered by register","0","","","","","","","","Not a HOEPA loan","2","Secured by a first lien","1","","","","","","","","","",""
"2017","7811300008","Department of Housing and Urban Development","HUD","7","FHA-insured","2","One-to-four family dwelling (other than manufactured housing)","1","Home purchase","1","Owner-occupied as a principal dwelling","1","314","Preapproval was not requested","2","Loan originated","1","Newark - NJ, PA","35084","New Jersey","NJ","34","Union County","39","0331.00","Not Hispanic or Latino","2","No co-applicant","5","Black or African American","3","","","","","","","","","No co-applicant","8","","","","","","","","","Female","2","No co-applicant","5","97","Ginnie Mae (GNMA)","2","","","","","","","","Not a HOEPA loan","2","Secured by a first lien","1","","","","6064","62.65999984741211","99800","99.80000305175781","1547","1981",""
"2017","13-6131491","Department of Housing and Urban Development","HUD","7","FHA-insured","2","One-to-four family dwelling (other than manufactured housing)","1","Home purchase","1","Owner-occupied as a principal dwelling","1","190","Not applicable","3","Loan originated","1","Camden - NJ","15804","New Jersey","NJ","34","Burlington County","5","7040.08","Not Hispanic or Latino","2","No co-applicant","5","White","5","","","","","","","","","No co-applicant","8","","","","","","","","","Female","2","No co-applicant","5","68","Ginnie Mae (GNMA)","2","","","","","","","","Not a HOEPA loan","2","Secured by a first lien","1","","","","5316","9.90999984741211","91500","133.91000366210938","1358","1697",""
"2017","23-2769131","Department of Housing and Urban Development","HUD","7","Conventional","1","One-to-four family dwelling (other than manufactured housing)","1","Home purchase","1","Owner-occupied as a principal dwelling","1","288","Preapproval was not requested","2","Application withdrawn by applicant","4","Allentown, Bethlehem, Easton - PA, NJ","10900","New Jersey","NJ","34","Warren County","41","0322.00","Not Hispanic or Latino","2","Not Hispanic or Latino","2","White","5","","","","","","","","","White","5","","","","","","","","","Female","2","Male","1","164","Loan was not originated or was not sold in calendar year covered by register","0","","","","","","","","Not a HOEPA loan","2","Secured by a first lien","1","","","","8183","17.18000030517578","75200","130.24000549316406","2232","2448",""
"2017","0000817824","Consumer Financial Protection Bureau","CFPB","9","Conventional","1","One-to-four family dwelling (other than manufactured housing)","1","Refinancing","3","Owner-occupied as a principal dwelling","1","144","Not applicable","3","Loan originated","1","Allentown, Bethlehem, Easton - PA, NJ","10900","New Jersey","NJ","34","Warren County","41","0306.00","Information not provided by applicant in mail, Internet, or telephone application","3","No co-applicant","5","Information not provided by applicant in mail, Internet, or telephone application","6","","","","","","","","","No co-applicant","8","","","","","","","","","Female","2","No co-applicant","5","61","Fannie Mae (FNMA)","1","","","","","","","","Not a HOEPA loan","2","Secured by a first lien","1","","","","3819","29.219999313354492","75200","72.7699966430664","763","1498",""
"2017","20-8921389","Department of Housing and Urban Development","HUD","7","Conventional","1","One-to-four family dwelling (other than manufactured housing)","1","Home purchase","1","Owner-occupied as a principal dwelling","1","297","Not applicable","3","Loan originated","1","New York, Jersey City, White Plains - NY, NJ","35614","New Jersey","NJ","34","Middlesex County","23","0002.00","Not Hispanic or Latino","2","No co-applicant","5","Asian","2","","","","","","","","","No co-applicant","8","","","","","","","","","Male","1","No co-applicant","5","100","Freddie Mac (FHLMC)","3","","","","","","","","Not a HOEPA loan","2","Secured by a first lien","1","","","","6255","46.0","73700","95.55000305175781","1510","1931",""
"2017","80-0743699","Department of Housing and Urban Development","HUD","7","FHA-insured","2","One-to-four family dwelling (other than manufactured housing)","1","Home purchase","1","Owner-occupied as a principal dwelling","1","150","Preapproval was not requested","2","Application withdrawn by applicant","4","","","New Jersey","NJ","34","","","","Information not provided by applicant in mail, Internet, or telephone application","3","No co-applicant","5","Information not provided by applicant in mail, Internet, or telephone application","6","","","","","","","","","No co-applicant","8","","","","","","","","","Information not provided by applicant in mail, Internet, or telephone application","3","No co-applicant","5","","Loan was not originated or was not sold in calendar year covered by register","0","","","","","","","","Not a HOEPA loan","2","Secured by a first lien","1","","","","","","","","","",""
"2017","20-8006279","Department of Housing and Urban Development","HUD","7","Conventional","1","One-to-four family dwelling (other than manufactured housing)","1","Refinancing","3","Not owner-occupied as a principal dwelling","2","196","Not applicable","3","Loan originated","1","New York, Jersey City, White Plains - NY, NJ","35614","New Jersey","NJ","34","Passaic County","31","1756.02","Hispanic or Latino","1","No co-applicant","5","White","5","","","","","","","","","No co-applicant","8","","","","","","","","","Male","1","No co-applicant","5","270","Private securitization","5","","","","","","","04.95","Not a HOEPA loan","2","Secured by a first lien","1","","","","6697","83.05000305175781","73700","60.36000061035156","857","1555",""
"2017","0000023521","National Credit Union Administration","NCUA","5","Conventional","1","One-to-four family dwelling (other than manufactured housing)","1","Home improvement","2","Owner-occupied as a principal dwelling","1","46","Not applicable","3","Loan originated","1","Atlantic City, Hammonton - NJ","12100","New Jersey","NJ","34","Atlantic County","1","0118.02","Information not provided by applicant in mail, Internet, or telephone application","3","Information not provided by applicant in mail, Internet, or telephone application","3","Information not provided by applicant in mail, Internet, or telephone application","6","","","","","","","","","Information not provided by applicant in mail, Internet, or telephone application","6","","","","","","","","","Information not provided by applicant in mail, Internet, or telephone application","3","Information not provided by applicant in mail, Internet, or telephone application","3","112","Loan was not originated or was not sold in calendar year covered by register","0","","","","","","","","Not a HOEPA loan","2","Secured by a subordinate lien","2","","","","16295","36.43000030517578","67200","155.1199951171875","4968","5323",""
"2017","75-2695327","Department of Housing and Urban Development","HUD","7","Conventional","1","One-to-four family dwelling (other than manufactured housing)","1","Home purchase","1","Owner-occupied as a principal dwelling","1","75","Not applicable","3","File closed for incompleteness","5","Allentown, Bethlehem, Easton - PA, NJ","10900","New Jersey","NJ","34","Warren County","41","0322.00","Information not provided by applicant in mail, Internet, or telephone application","3","No co-applicant","5","Information not provided by applicant in mail, Internet, or telephone application","6","","","","","","","","","No co-applicant","8","","","","","","","","","Information not provided by applicant in mail, Internet, or telephone application","3","No co-applicant","5","116","Loan was not originated or was not sold in calendar year covered by register","0","","","","","","","","Not a HOEPA loan","2","Secured by a first lien","1","","","","8183","17.18000030517578","75200","130.24000549316406","2232","2448",""
"2017","7197000003","Department of Housing and Urban Development","HUD","7","FHA-insured","2","One-to-four family dwelling (other than manufactured housing)","1","Refinancing","3","Owner-occupied as a principal dwelling","1","158","Not applicable","3","Loan originated","1","Allentown, Bethlehem, Easton - PA, NJ","10900","New Jersey","NJ","34","Warren County","41","0306.00","Information not provided by applicant in mail, Internet, or telephone application","3","No co-applicant","5","Information not provided by applicant in mail, Internet, or telephone application","6","","","","","","","","","No co-applicant","8","","","","","","","","","Information not provided by applicant in mail, Internet, or telephone application","3","No co-applicant","5","66","Ginnie Mae (GNMA)","2","","","","","","","","Not a HOEPA loan","2","Secured by a first lien","1","","","","3819","29.219999313354492","75200","72.7699966430664","763","1498",""
"2017","0000451965","Consumer Financial Protection Bureau","CFPB","9","FHA-insured","2","One-to-four family dwelling (other than manufactured housing)","1","Home purchase","1","Owner-occupied as a principal dwelling","1","282","Not applicable","3","Loan purchased by the institution","6","Camden - NJ","15804","New Jersey","NJ","34","Camden County","7","6092.03","Not Hispanic or Latino","2","No co-applicant","5","Black or African American","3","","","","","","","","","No co-applicant","8","","","","","","","","","Female","2","No co-applicant","5","64","Ginnie Mae (GNMA)","2","","","","","","","","Not a HOEPA loan","2","Not applicable","4","","","","9594","57.06999969482422","91500","113.36000061035156","2580","3195",""
"2017","80-0743699","Department of Housing and Urban Development","HUD","7","VA-guaranteed","3","One-to-four family dwelling (other than manufactured housing)","1","Home purchase","1","Owner-occupied as a principal dwelling","1","350","Preapproval was not requested","2","File closed for incompleteness","5","","","New Jersey","NJ","34","","","","Information not provided by applicant in mail, Internet, or telephone application","3","Information not provided by applicant in mail, Internet, or telephone application","3","Information not provided by applicant in mail, Internet, or telephone application","6","","","","","","","","","Information not provided by applicant in mail, Internet, or telephone application","6","","","","","","","","","Information not provided by applicant in mail, Internet, or telephone application","3","Information not provided by applicant in mail, Internet, or telephone application","3","153","Loan was not originated or was not sold in calendar year covered by register","0","","","","","","","","Not a HOEPA loan","2","Secured by a first lien","1","","","","","","","","","",""
"2017","20-1832276","Department of Housing and Urban Development","HUD","7","FHA-insured","2","One-to-four family dwelling (other than manufactured housing)","1","Refinancing","3","Owner-occupied as a principal dwelling","1","422","Not applicable","3","Application denied by financial institution","3","Camden - NJ","15804","New Jersey","NJ","34","Camden County","7","6064.00","Not Hispanic or Latino","2","Not Hispanic or Latino","2","White","5","","","","","","","","","White","5","","","","","","","","","Female","2","Male","1","33","Loan was not originated or was not sold in calendar year covered by register","0","Collateral","4","","","","","","Not a HOEPA loan","2","Secured by a first lien","1","","","","3056","9.289999961853027","91500","236.6999969482422","965","1030",""
"2017","80-0743699","Department of Housing and Urban Development","HUD","7","Conventional","1","One-to-four family dwelling (other than manufactured housing)","1","Home purchase","1","Not owner-occupied as a principal dwelling","2","116","Preapproval was not requested","2","Loan originated","1","Ocean City - NJ","36140","New Jersey","NJ","34","Cape May County","9","0213.00","Not Hispanic or Latino","2","Not Hispanic or Latino","2","White","5","","","","","","","","","White","5","","","","","","","","","Female","2","Male","1","164","Life insurance company, credit union, mortgage bank, or finance company","7","","","","","","","","Not a HOEPA loan","2","Secured by a first lien","1","","","","3957","0.7799999713897705","73400","72.5","1414","6522",""
"2017","27-3027124","Department of Housing and Urban Development","HUD","7","FHA-insured","2","One-to-four family dwelling (other than manufactured housing)","1","Refinancing","3","Owner-occupied as a principal dwelling","1","290","Not applicable","3","Application withdrawn by applicant","4","Allentown, Bethlehem, Easton - PA, NJ","10900","New Jersey","NJ","34","Warren County","41","0322.00","Not Hispanic or Latino","2","No co-applicant","5","White","5","","","","","","","","","No co-applicant","8","","","","","","","","","Male","1","No co-applicant","5","88","Loan was not originated or was not sold in calendar year covered by register","0","","","","","","","","Not a HOEPA loan","2","Secured by a first lien","1","","","","8183","17.18000030517578","75200","130.24000549316406","2232","2448",""
"2017","22-3157857","Department of Housing and Urban Development","HUD","7","FHA-insured","2","One-to-four family dwelling (other than manufactured housing)","1","Home purchase","1","Owner-occupied as a principal dwelling","1","324","Not applicable","3","Loan originated","1","Newark - NJ, PA","35084","New Jersey","NJ","34","Union County","39","0398.00","Information not provided by applicant in mail, Internet, or telephone application","3","No co-applicant","5","Information not provided by applicant in mail, Internet, or telephone application","6","","","","","","","","","No co-applicant","8","","","","","","","","","Female","2","No co-applicant","5","83","Life insurance company, credit union, mortgage bank, or finance company","7","","","","","","","","Not a HOEPA loan","2","Secured by a first lien","1","","","","4432","78.08999633789062","99800","45.11000061035156","239","1245",""
"2017","27-2389039","Department of Housing and Urban Development","HUD","7","Conventional","1","One-to-four family dwelling (other than manufactured housing)","1","Home purchase","1","Owner-occupied as a principal dwelling","1","188","Preapproval was not requested","2","Loan originated","1","New York, Jersey City, White Plains - NY, NJ","35614","New Jersey","NJ","34","Ocean County","29","7202.05","Not Hispanic or Latino","2","Not Hispanic or Latino","2","White","5","","","","","","","","","White","5","","","","","","","","","Male","1","Female","2","118","Life insurance company, credit union, mortgage bank, or finance company","7","","","","","","","","Not a HOEPA loan","2","Secured by a first lien","1","","","","2950","13.420000076293945","73700","101.37000274658203","1605","1918",""
"2017","7197000003","Department of Housing and Urban Development","HUD","7","FHA-insured","2","One-to-four family dwelling (other than manufactured housing)","1","Refinancing","3","Owner-occupied as a principal dwelling","1","242","Not applicable","3","Application denied by financial institution","3","Allentown, Bethlehem, Easton - PA, NJ","10900","New Jersey","NJ","34","Warren County","41","0324.00","Information not provided by applicant in mail, Internet, or telephone application","3","No co-applicant","5","Information not provided by applicant in mail, Internet, or telephone application","6","","","","","","","","","No co-applicant","8","","","","","","","","","Information not provided by applicant in mail, Internet, or telephone application","3","No co-applicant","5","84","Loan was not originated or was not sold in calendar year covered by register","0","Credit history","3","","","","","","Not a HOEPA loan","2","Secured by a first lien","1","","","","2272","9.949999809265137","75200","98.26000213623047","665","943",""
"2017","75-3170028","Department of Housing and Urban Development","HUD","7","FHA-insured","2","One-to-four family dwelling (other than manufactured housing)","1","Refinancing","3","Owner-occupied as a principal dwelling","1","217","Not applicable","3","Application denied by financial institution","3","Newark - NJ, PA","35084","New Jersey","NJ","34","Sussex County","37","3749.00","Not Hispanic or Latino","2","No co-applicant","5","White","5","","","","","","","","","No co-applicant","8","","","","","","","","","Female","2","No co-applicant","5","85","Loan was not originated or was not sold in calendar year covered by register","0","","","","","","","","Not a HOEPA loan","2","Secured by a first lien","1","","","","4675","21.15999984741211","99800","92.44999694824219","1496","1741",""
"2017","0000035570","Consumer Financial Protection Bureau","CFPB","9","Conventional","1","One-to-four family dwelling (other than manufactured housing)","1","Home purchase","1","Owner-occupied as a principal dwelling","1","1500","Not applicable","3","Loan originated","1","Camden - NJ","15804","New Jersey","NJ","34","Burlington County","5","7005.03","Information not provided by applicant in mail, Internet, or telephone application","3","Information not provided by applicant in mail, Internet, or telephone application","3","Information not provided by applicant in mail, Internet, or telephone application","6","","","","","","","","","Information not provided by applicant in mail, Internet, or telephone application","6","","","","","","","","","Information not provided by applicant in mail, Internet, or telephone application","3","Information not provided by applicant in mail, Internet, or telephone application","3","3566","Loan was not originated or was not sold in calendar year covered by register","0","","","","","","","","Not a HOEPA loan","2","Secured by a first lien","1","","","","3717","24.540000915527344","91500","190.64999389648438","1196","1339",""
"2017","80-0233937","Department of Housing and Urban Development","HUD","7","Conventional","1","One-to-four family dwelling (other than manufactured housing)","1","Home purchase","1","Owner-occupied as a principal dwelling","1","900","Not applicable","3","Loan originated","1","Allentown, Bethlehem, Easton - PA, NJ","10900","New Jersey","NJ","34","Warren County","41","0322.00","Information not provided by applicant in mail, Internet, or telephone application","3","No co-applicant","5","Information not provided by applicant in mail, Internet, or telephone application","6","","","","","","","","","No co-applicant","8","","","","","","","","","Information not provided by applicant in mail, Internet, or telephone application","3","No co-applicant","5","1210","Other type of purchaser","9","","","","","","","02.18","Not a HOEPA loan","2","Secured by a first lien","1","","","","8183","17.18000030517578","75200","130.24000549316406","2232","2448",""
"2017","22-3537421","Department of Housing and Urban Development","HUD","7","FHA-insured","2","One-to-four family dwelling (other than manufactured housing)","1","Home purchase","1","Owner-occupied as a principal dwelling","1","400","Not applicable","3","Loan originated","1","Newark - NJ, PA","35084","New Jersey","NJ","34","Union County","39","0397.00","Information not provided by applicant in mail, Internet, or telephone application","3","Information not provided by applicant in mail, Internet, or telephone application","3","Information not provided by applicant in mail, Internet, or telephone application","6","","","","","","","","","Information not provided by applicant in mail, Internet, or telephone application","6","","","","","","","","","Female","2","Female","2","365","Life insurance company, credit union, mortgage bank, or finance company","7","","","","","","","","Not a HOEPA loan","2","Secured by a first lien","1","","","","4983","86.1500015258789","99800","94.55000305175781","1131","1507",""
"2017","0004186591","Consumer Financial Protection Bureau","CFPB","9","FHA-insured","2","One-to-four family dwelling (other than manufactured housing)","1","Home purchase","1","Owner-occupied as a principal dwelling","1","290","Not applicable","3","Loan purchased by the institution","6","New York, Jersey City, White Plains - NY, NJ","35614","New Jersey","NJ","34","Monmouth County","25","8080.01","Not applicable","4","Not applicable","4","Not applicable","7","","","","","","","","","Not applicable","7","","","","","","","","","Not applicable","4","Not applicable","4","","Ginnie Mae (GNMA)","2","","","","","","","","Not a HOEPA loan","2","Not applicable","4","","","","4317","6.389999866485596","73700","134.8000030517578","1671","1780",""
"2017","26-1773722","Department of Housing and Urban Development","HUD","7","Conventional","1","One-to-four family dwelling (other than manufactured housing)","1","Refinancing","3","Owner-occupied as a principal dwelling","1","66","Not applicable","3","Application denied by financial institution","3","Allentown, Bethlehem, Easton - PA, NJ","10900","New Jersey","NJ","34","Warren County","41","0324.00","Not Hispanic or Latino","2","No co-applicant","5","White","5","","","","","","","","","No co-applicant","8","","","","","","","","","Female","2","No co-applicant","5","18","Loan was not originated or was not sold in calendar year covered by register","0","Collateral","4","","","","","","Not a HOEPA loan","2","Secured by a first lien","1","","","","2272","9.949999809265137","75200","98.26000213623047","665","943",""
"2017","22-2470496","Department of Housing and Urban Development","HUD","7","Conventional","1","One-to-four family dwelling (other than manufactured housing)","1","Home purchase","1","Owner-occupied as a principal dwelling","1","86","Preapproval was not requested","2","Loan originated","1","New York, Jersey City, White Plains - NY, NJ","35614","New Jersey","NJ","34","Ocean County","29","7200.01","Not Hispanic or Latino","2","Not Hispanic or Latino","2","White","5","","","","","","","","","White","5","","","","","","","","","Male","1","Female","2","78","Life insurance company, credit union, mortgage bank, or finance company","7","","","","","","","01.76","Not a HOEPA loan","2","Secured by a first lien","1","","","","4268","9.15999984741211","73700","101.88999938964844","1510","1800",""
"2017","0000476810","Consumer Financial Protection Bureau","CFPB","9","Conventional","1","One-to-four family dwelling (other than manufactured housing)","1","Refinancing","3","Owner-occupied as a principal dwelling","1","260","Not applicable","3","Loan originated","1","New York, Jersey City, White Plains - NY, NJ","35614","New Jersey","NJ","34","Bergen County","3","0500.00","Not Hispanic or Latino","2","No co-applicant","5","White","5","","","","","","","","","No co-applicant","8","","","","","","","","","Male","1","No co-applicant","5","118","Affiliate institution","8","","","","","","","","Not a HOEPA loan","2","Secured by a first lien","1","","","","5624","33.38999938964844","73700","103.55000305175781","1319","1798",""
"2017","0000817824","Consumer Financial Protection Bureau","CFPB","9","Conventional","1","One-to-four family dwelling (other than manufactured housing)","1","Refinancing","3","Owner-occupied as a principal dwelling","1","161","Not applicable","3","Application denied by financial institution","3","Allentown, Bethlehem, Easton - PA, NJ","10900","New Jersey","NJ","34","Warren County","41","0322.00","Information not provided by applicant in mail, Internet, or telephone application","3","Information not provided by applicant in mail, Internet, or telephone application","3","Information not provided by applicant in mail, Internet, or telephone application","6","","","","","","","","","Information not provided by applicant in mail, Internet, or telephone application","6","","","","","","","","","Information not provided by applicant in mail, Internet, or telephone application","3","Information not provided by applicant in mail, Internet, or telephone application","3","93","Loan was not originated or was not sold in calendar year covered by register","0","Insufficient cash (downpayment, closing costs)","5","","","","","","Not a HOEPA loan","2","Secured by a first lien","1","","","","8183","17.18000030517578","75200","130.24000549316406","2232","2448",""
"2017","20-1832276","Department of Housing and Urban Development","HUD","7","FHA-insured","2","One-to-four family dwelling (other than manufactured housing)","1","Refinancing","3","Owner-occupied as a principal dwelling","1","172","Not applicable","3","Loan originated","1","Newark - NJ, PA","35084","New Jersey","NJ","34","Union County","39","0397.00","Information not provided by applicant in mail, Internet, or telephone application","3","No co-applicant","5","Information not provided by applicant in mail, Internet, or telephone application","6","","","","","","","","","No co-applicant","8","","","","","","","","","Female","2","No co-applicant","5","55","Ginnie Mae (GNMA)","2","","","","","","","","Not a HOEPA loan","2","Secured by a first lien","1","","","","4983","86.1500015258789","99800","94.55000305175781","1131","1507",""
"2017","46-3689142","Department of Housing and Urban Development","HUD","7","Conventional","1","One-to-four family dwelling (other than manufactured housing)","1","Refinancing","3","Owner-occupied as a principal dwelling","1","415","Not applicable","3","Loan originated","1","Newark - NJ, PA","35084","New Jersey","NJ","34","Sussex County","37","3732.00","Not Hispanic or Latino","2","Not Hispanic or Latino","2","White","5","","","","","","","","","White","5","","","","","","","","","Male","1","Female","2","148","Life insurance company, credit union, mortgage bank, or finance company","7","","","","","","","","Not a HOEPA loan","2","Secured by a first lien","1","","","","3579","14.359999656677246","99800","165.11000061035156","1006","1247",""
"2017","0000451965","Consumer Financial Protection Bureau","CFPB","9","FHA-insured","2","One-to-four family dwelling (other than manufactured housing)","1","Refinancing","3","Owner-occupied as a principal dwelling","1","81","Not applicable","3","Application denied by financial institution","3","Allentown, Bethlehem, Easton - PA, NJ","10900","New Jersey","NJ","34","Warren County","41","0324.00","Hispanic or Latino","1","Not Hispanic or Latino","2","White","5","","","","","","","","","White","5","","","","","","","","","Female","2","Male","1","55","Loan was not originated or was not sold in calendar year covered by register","0","Other","9","Credit history","3","","","","Not a HOEPA loan","2","Secured by a first lien","1","","","","2272","9.949999809265137","75200","98.26000213623047","665","943",""
"2017","27-3627801","Department of Housing and Urban Development","HUD","7","Conventional","1","One-to-four family dwelling (other than manufactured housing)","1","Home purchase","1","Owner-occupied as a principal dwelling","1","267","Not applicable","3","Loan originated","1","New York, Jersey City, White Plains - NY, NJ","35614","New Jersey","NJ","34","Ocean County","29","7224.01","Not Hispanic or Latino","2","No co-applicant","5","White","5","","","","","","","","","No co-applicant","8","","","","","","","","","Male","1","No co-applicant","5","78","Life insurance company, credit union, mortgage bank, or finance company","7","","","","","","","","Not a HOEPA loan","2","Secured by a first lien","1","","","","5368","10.489999771118164","73700","125.68000030517578","1665","2050",""
"2017","0000497404","Consumer Financial Protection Bureau","CFPB","9","Conventional","1","One-to-four family dwelling (other than manufactured housing)","1","Home purchase","1","Not owner-occupied as a principal dwelling","2","100","Not applicable","3","Application denied by financial institution","3","Vineland, Bridgeton - NJ","47220","New Jersey","NJ","34","Cumberland County","11","0411.00","Not applicable","4","No co-applicant","5","Not applicable","7","","","","","","","","","No co-applicant","8","","","","","","","","","Not applicable","4","No co-applicant","5","","Loan was not originated or was not sold in calendar year covered by register","0","Debt-to-income ratio","1","Other","9","","","","Not a HOEPA loan","2","Secured by a first lien","1","","","","6382","92.76000213623047","54200","71.55999755859375","632","2131",""
"2017","52-2091594","Department of Housing and Urban Development","HUD","7","Conventional","1","One-to-four family dwelling (other than manufactured housing)","1","Home purchase","1","Not owner-occupied as a principal dwelling","2","63","Preapproval was requested","1","Loan originated","1","Allentown, Bethlehem, Easton - PA, NJ","10900","New Jersey","NJ","34","Warren County","41","0322.00","Information not provided by applicant in mail, Internet, or telephone application","3","No co-applicant","5","Information not provided by applicant in mail, Internet, or telephone application","6","","","","","","","","","No co-applicant","8","","","","","","","","","Female","2","No co-applicant","5","142","Freddie Mac (FHLMC)","3","","","","","","","","Not a HOEPA loan","2","Secured by a first lien","1","","","","8183","17.18000030517578","75200","130.24000549316406","2232","2448",""
"2017","46-2738255","Department of Housing and Urban Development","HUD","7","FHA-insured","2","One-to-four family dwelling (other than manufactured housing)","1","Home purchase","1","Owner-occupied as a principal dwelling","1","319","Preapproval was not requested","2","Loan originated","1","Newark - NJ, PA","35084","New Jersey","NJ","34","Union County","39","0397.00","Not Hispanic or Latino","2","No co-applicant","5","Black or African American","3","","","","","","","","","No co-applicant","8","","","","","","","","","Male","1","No co-applicant","5","85","Loan was not originated or was not sold in calendar year covered by register","0","","","","","","","02.03","Not a HOEPA loan","2","Secured by a first lien","1","","","","4983","86.1500015258789","99800","94.55000305175781","1131","1507",""
"2017","0000030052","Federal Deposit Insurance Corporation","FDIC","3","Conventional","1","One-to-four family dwelling (other than manufactured housing)","1","Home purchase","1","Owner-occupied as a principal dwelling","1","170","Not applicable","3","Loan originated","1","New York, Jersey City, White Plains - NY, NJ","35614","New Jersey","NJ","34","Ocean County","29","7171.02","Not Hispanic or Latino","2","No co-applicant","5","White","5","","","","","","","","","No co-applicant","8","","","","","","","","","Male","1","No co-applicant","5","65","Loan was not originated or was not sold in calendar year covered by register","0","","","","","","","","Not a HOEPA loan","2","Secured by a first lien","1","","","","4521","15.510000228881836","73700","128.9499969482422","1614","1926",""
"2017","20-1875448","Department of Housing and Urban Development","HUD","7","FHA-insured","2","One-to-four family dwelling (other than manufactured housing)","1","Home purchase","1","Owner-occupied as a principal dwelling","1","160","Preapproval was requested","1","File closed for incompleteness","5","Allentown, Bethlehem, Easton - PA, NJ","10900","New Jersey","NJ","34","Warren County","41","0324.00","Not Hispanic or Latino","2","No co-applicant","5","White","5","","","","","","","","","No co-applicant","8","","","","","","","","","Female","2","No co-applicant","5","73","Loan was not originated or was not sold in calendar year covered by register","0","","","","","","","","Not a HOEPA loan","2","Secured by a first lien","1","","","","2272","9.949999809265137","75200","98.26000213623047","665","943",""
"2017","0000177957","Federal Reserve System","FRS","2","Conventional","1","One-to-four family dwelling (other than manufactured housing)","1","Refinancing","3","Not owner-occupied as a principal dwelling","2","135","Not applicable","3","Application denied by financial institution","3","Newark - NJ, PA","35084","New Jersey","NJ","34","Essex County","13","0089.00","Not Hispanic or Latino","2","Not Hispanic or Latino","2","White","5","","","","","","","","","White","5","","","","","","","","","Male","1","Female","2","80","Loan was not originated or was not sold in calendar year covered by register","0","Collateral","4","","","","","","Not a HOEPA loan","2","Secured by a first lien","1","","","","2020","98.76000213623047","99800","29.600000381469727","112","661",""
"2017","7197000003","Department of Housing and Urban Development","HUD","7","Conventional","1","One-to-four family dwelling (other than manufactured housing)","1","Home purchase","1","Owner-occupied as a principal dwelling","1","414","Preapproval was not requested","2","Loan originated","1","Camden - NJ","15804","New Jersey","NJ","34","Burlington County","5","7029.10","Not Hispanic or Latino","2","Not Hispanic or Latino","2","Information not provided by applicant in mail, Internet, or telephone application","6","","","","","","","","","Information not provided by applicant in mail, Internet, or telephone application","6","","","","","","","","","Male","1","Female","2","143","Freddie Mac (FHLMC)","3","","","","","","","","Not a HOEPA loan","2","Secured by a first lien","1","","","","5493","26.219999313354492","91500","151.3800048828125","1664","1901",""
"2017","95-4866828","Department of Housing and Urban Development","HUD","7","FHA-insured","2","One-to-four family dwelling (other than manufactured housing)","1","Home purchase","1","Owner-occupied as a principal dwelling","1","196","Not applicable","3","Application approved but not accepted","2","Allentown, Bethlehem, Easton - PA, NJ","10900","New Jersey","NJ","34","Warren County","41","0322.00","Not Hispanic or Latino","2","No co-applicant","5","White","5","","","","","","","","","No co-applicant","8","","","","","","","","","Male","1","No co-applicant","5","58","Loan was not originated or was not sold in calendar year covered by register","0","","","","","","","","Not a HOEPA loan","2","Secured by a first lien","1","","","","8183","17.18000030517578","75200","130.24000549316406","2232","2448",""
"2017","22-3798625","Consumer Financial Protection Bureau","CFPB","9","FHA-insured","2","One-to-four family dwelling (other than manufactured housing)","1","Home purchase","1","Owner-occupied as a principal dwelling","1","211","Not applicable","3","Loan originated","1","Newark - NJ, PA","35084","New Jersey","NJ","34","Union County","39","0397.00","Information not provided by applicant in mail, Internet, or telephone application","3","No co-applicant","5","Information not provided by applicant in mail, Internet, or telephone application","6","","","","","","","","","No co-applicant","8","","","","","","","","","Information not provided by applicant in mail, Internet, or telephone application","3","No co-applicant","5","95","Loan was not originated or was not sold in calendar year covered by register","0","","","","","","","","Not a HOEPA loan","2","Secured by a first lien","1","","","","4983","86.1500015258789","99800","94.55000305175781","1131","1507",""
"2017","0000029941","Federal Deposit Insurance Corporation","FDIC","3","Conventional","1","One-to-four family dwelling (other than manufactured housing)","1","Home improvement","2","Owner-occupied as a principal dwelling","1","32","Not applicable","3","Loan originated","1","New York, Jersey City, White Plains - NY, NJ","35614","New Jersey","NJ","34","Bergen County","3","0040.02","Not Hispanic or Latino","2","Not Hispanic or Latino","2","White","5","","","","","","","","","White","5","","","","","","","","","Male","1","Female","2","60","Loan was not originated or was not sold in calendar year covered by register","0","","","","","","","","Not a HOEPA loan","2","Secured by a first lien","1","","","","4995","64.4800033569336","73700","114.83000183105469","1156","1394",""
"2017","0000817824","Consumer Financial Protection Bureau","CFPB","9","Conventional","1","One-to-four family dwelling (other than manufactured housing)","1","Home purchase","1","Owner-occupied as a principal dwelling","1","116","Preapproval was not requested","2","Loan originated","1","Allentown, Bethlehem, Easton - PA, NJ","10900","New Jersey","NJ","34","Warren County","41","0324.00","Information not provided by applicant in mail, Internet, or telephone application","3","No co-applicant","5","Information not provided by applicant in mail, Internet, or telephone application","6","","","","","","","","","No co-applicant","8","","","","","","","","","Male","1","No co-applicant","5","47","Loan was not originated or was not sold in calendar year covered by register","0","","","","","","","","Not a HOEPA loan","2","Secured by a first lien","1","","","","2272","9.949999809265137","75200","98.26000213623047","665","943",""
"2017","0004186591","Consumer Financial Protection Bureau","CFPB","9","FHA-insured","2","One-to-four family dwelling (other than manufactured housing)","1","Home purchase","1","Owner-occupied as a principal dwelling","1","157","Not applicable","3","Loan purchased by the institution","6","Newark - NJ, PA","35084","New Jersey","NJ","34","Essex County","13","0102.00","Not applicable","4","Not applicable","4","Not applicable","7","","","","","","","","","Not applicable","7","","","","","","","","","Not applicable","4","Not applicable","4","","Ginnie Mae (GNMA)","2","","","","","","","","Not a HOEPA loan","2","Not applicable","4","","","","4582","95.8499984741211","99800","74.4000015258789","903","1487",""
"2017","36-4115595","Department of Housing and Urban Development","HUD","7","FHA-insured","2","One-to-four family dwelling (other than manufactured housing)","1","Home purchase","1","Owner-occupied as a principal dwelling","1","81","Preapproval was not requested","2","Application denied by financial institution","3","Camden - NJ","15804","New Jersey","NJ","34","Camden County","7","6092.05","Hispanic or Latino","1","No co-applicant","5","White","5","","","","","","","","","No co-applicant","8","","","","","","","","","Female","2","No co-applicant","5","27","Loan was not originated or was not sold in calendar year covered by register","0","Debt-to-income ratio","1","","","","","","Not a HOEPA loan","2","Secured by a first lien","1","","","","6616","29.200000762939453","91500","121.41999816894531","1876","2279",""
"2017","0000229801","Consumer Financial Protection Bureau","CFPB","9","Conventional","1","One-to-four family dwelling (other than manufactured housing)","1","Home improvement","2","Owner-occupied as a principal dwelling","1","60","Not applicable","3","Loan originated","1","Allentown, Bethlehem, Easton - PA, NJ","10900","New Jersey","NJ","34","Warren County","41","0322.00","Information not provided by applicant in mail, Internet, or telephone application","3","No co-applicant","5","Information not provided by applicant in mail, Internet, or telephone application","6","","","","","","","","","No co-applicant","8","","","","","","","","","Information not provided by applicant in mail, Internet, or telephone application","3","No co-applicant","5","123","Loan was not originated or was not sold in calendar year covered by register","0","","","","","","","","Not a HOEPA loan","2","Secured by a subordinate lien","2","","","","8183","17.18000030517578","75200","130.24000549316406","2232","2448",""
"2017","7197000003","Department of Housing and Urban Development","HUD","7","FHA-insured","2","One-to-four family dwelling (other than manufactured housing)","1","Home purchase","1","Owner-occupied as a principal dwelling","1","240","Preapproval was not requested","2","Loan originated","1","Newark - NJ, PA","35084","New Jersey","NJ","34","Union County","39","0397.00","Information not provided by applicant in mail, Internet, or telephone application","3","No co-applicant","5","Information not provided by applicant in mail, Internet, or telephone application","6","","","","","","","","","No co-applicant","8","","","","","","","","","Information not provided by applicant in mail, Internet, or telephone application","3","No co-applicant","5","88","Ginnie Mae (GNMA)","2","","","","","","","","Not a HOEPA loan","2","Secured by a first lien","1","","","","4983","86.1500015258789","99800","94.55000305175781","1131","1507",""
"2017","0000035426","Federal Deposit Insurance Corporation","FDIC","3","Conventional","1","One-to-four family dwelling (other than manufactured housing)","1","Home purchase","1","Owner-occupied as a principal dwelling","1","464","Not applicable","3","Loan originated","1","New York, Jersey City, White Plains - NY, NJ","35614","New Jersey","NJ","34","Bergen County","3","0340.00","Not Hispanic or Latino","2","Not Hispanic or Latino","2","White","5","","","","","","","","","White","5","","","","","","","","","Male","1","Female","2","172","Commercial bank, savings bank or savings association","6","","","","","","","","Not a HOEPA loan","2","Secured by a first lien","1","","","","7269","15.34000015258789","73700","166.6199951171875","1808","2498",""
"2017","7197000003","Department of Housing and Urban Development","HUD","7","Conventional","1","One-to-four family dwelling (other than manufactured housing)","1","Refinancing","3","Not owner-occupied as a principal dwelling","2","118","Not applicable","3","Loan originated","1","Allentown, Bethlehem, Easton - PA, NJ","10900","New Jersey","NJ","34","Warren County","41","0324.00","Information not provided by applicant in mail, Internet, or telephone application","3","No co-applicant","5","Information not provided by applicant in mail, Internet, or telephone application","6","","","","","","","","","No co-applicant","8","","","","","","","","","Information not provided by applicant in mail, Internet, or telephone application","3","No co-applicant","5","150","Fannie Mae (FNMA)","1","","","","","","","","Not a HOEPA loan","2","Secured by a first lien","1","","","","2272","9.949999809265137","75200","98.26000213623047","665","943",""
